"CHROM","POS","WEIR_AND_COCKERHAM_FST","outlier.sd","minbp","maxbp","flank"
"HiC_scaffold_1",766414,0.0878016,"outlier",765814,767014,"HiC_scaffold_1:765814-767014"
"HiC_scaffold_1",6300203,0.0890508,"outlier",6299603,6300803,"HiC_scaffold_1:6299603-6300803"
"HiC_scaffold_1",8050794,0.0986563,"outlier",8050194,8051394,"HiC_scaffold_1:8050194-8051394"
"HiC_scaffold_1",11678410,0.121747,"outlier",11677810,11679010,"HiC_scaffold_1:11677810-11679010"
"HiC_scaffold_1",12460171,0.0882209,"outlier",12459571,12460771,"HiC_scaffold_1:12459571-12460771"
"HiC_scaffold_1",15309927,0.089639,"outlier",15309327,15310527,"HiC_scaffold_1:15309327-15310527"
"HiC_scaffold_1",16276108,0.100047,"outlier",16275508,16276708,"HiC_scaffold_1:16275508-16276708"
"HiC_scaffold_1",18341548,0.0949887,"outlier",18340948,18342148,"HiC_scaffold_1:18340948-18342148"
"HiC_scaffold_1",19974246,0.100327,"outlier",19973646,19974846,"HiC_scaffold_1:19973646-19974846"
"HiC_scaffold_1",34036777,0.124184,"outlier",34036177,34037377,"HiC_scaffold_1:34036177-34037377"
"HiC_scaffold_1",38613847,0.0970986,"outlier",38613247,38614447,"HiC_scaffold_1:38613247-38614447"
"HiC_scaffold_1",41481219,0.0934253,"outlier",41480619,41481819,"HiC_scaffold_1:41480619-41481819"
"HiC_scaffold_1",44532621,0.125445,"outlier",44532021,44533221,"HiC_scaffold_1:44532021-44533221"
"HiC_scaffold_1",45107502,0.0884458,"outlier",45106902,45108102,"HiC_scaffold_1:45106902-45108102"
"HiC_scaffold_1",45214192,0.0941109,"outlier",45213592,45214792,"HiC_scaffold_1:45213592-45214792"
"HiC_scaffold_1",52930747,0.122545,"outlier",52930147,52931347,"HiC_scaffold_1:52930147-52931347"
"HiC_scaffold_1",55981446,0.141369,"outlier",55980846,55982046,"HiC_scaffold_1:55980846-55982046"
"HiC_scaffold_1",56080162,0.105754,"outlier",56079562,56080762,"HiC_scaffold_1:56079562-56080762"
"HiC_scaffold_1",59385186,0.113652,"outlier",59384586,59385786,"HiC_scaffold_1:59384586-59385786"
"HiC_scaffold_1",76136050,0.119041,"outlier",76135450,76136650,"HiC_scaffold_1:76135450-76136650"
"HiC_scaffold_1",83918082,0.0894213,"outlier",83917482,83918682,"HiC_scaffold_1:83917482-83918682"
"HiC_scaffold_1",89616215,0.103527,"outlier",89615615,89616815,"HiC_scaffold_1:89615615-89616815"
"HiC_scaffold_1",89704652,0.1359,"outlier",89704052,89705252,"HiC_scaffold_1:89704052-89705252"
"HiC_scaffold_1",92071191,0.100916,"outlier",92070591,92071791,"HiC_scaffold_1:92070591-92071791"
"HiC_scaffold_1",96010586,0.0993592,"outlier",96009986,96011186,"HiC_scaffold_1:96009986-96011186"
"HiC_scaffold_1",97115658,0.105662,"outlier",97115058,97116258,"HiC_scaffold_1:97115058-97116258"
"HiC_scaffold_1",100138894,0.0996627,"outlier",100138294,100139494,"HiC_scaffold_1:100138294-100139494"
"HiC_scaffold_1",113754986,0.0996705,"outlier",113754386,113755586,"HiC_scaffold_1:113754386-113755586"
"HiC_scaffold_1",116094623,0.0880217,"outlier",116094023,116095223,"HiC_scaffold_1:116094023-116095223"
"HiC_scaffold_1",119785527,0.112672,"outlier",119784927,119786127,"HiC_scaffold_1:119784927-119786127"
"HiC_scaffold_1",120816169,0.0973058,"outlier",120815569,120816769,"HiC_scaffold_1:120815569-120816769"
"HiC_scaffold_1",121040678,0.110989,"outlier",121040078,121041278,"HiC_scaffold_1:121040078-121041278"
"HiC_scaffold_1",143467591,0.104341,"outlier",143466991,143468191,"HiC_scaffold_1:143466991-143468191"
"HiC_scaffold_1",145281954,0.135911,"outlier",145281354,145282554,"HiC_scaffold_1:145281354-145282554"
"HiC_scaffold_1",146217586,0.13253,"outlier",146216986,146218186,"HiC_scaffold_1:146216986-146218186"
"HiC_scaffold_1",152836197,0.100047,"outlier",152835597,152836797,"HiC_scaffold_1:152835597-152836797"
"HiC_scaffold_1",160228707,0.0901744,"outlier",160228107,160229307,"HiC_scaffold_1:160228107-160229307"
"HiC_scaffold_1",161620960,0.121681,"outlier",161620360,161621560,"HiC_scaffold_1:161620360-161621560"
"HiC_scaffold_1",163238339,0.109348,"outlier",163237739,163238939,"HiC_scaffold_1:163237739-163238939"
"HiC_scaffold_1",168241801,0.0872828,"outlier",168241201,168242401,"HiC_scaffold_1:168241201-168242401"
"HiC_scaffold_1",171899078,0.0882931,"outlier",171898478,171899678,"HiC_scaffold_1:171898478-171899678"
"HiC_scaffold_1",172264525,0.091302,"outlier",172263925,172265125,"HiC_scaffold_1:172263925-172265125"
"HiC_scaffold_1",175528353,0.0934041,"outlier",175527753,175528953,"HiC_scaffold_1:175527753-175528953"
"HiC_scaffold_1",176688956,0.104562,"outlier",176688356,176689556,"HiC_scaffold_1:176688356-176689556"
"HiC_scaffold_1",177748118,0.0868871,"outlier",177747518,177748718,"HiC_scaffold_1:177747518-177748718"
"HiC_scaffold_1",183666092,0.0895514,"outlier",183665492,183666692,"HiC_scaffold_1:183665492-183666692"
"HiC_scaffold_1",184290179,0.113252,"outlier",184289579,184290779,"HiC_scaffold_1:184289579-184290779"
"HiC_scaffold_1",185824596,0.0997735,"outlier",185823996,185825196,"HiC_scaffold_1:185823996-185825196"
"HiC_scaffold_1",185972453,0.0910653,"outlier",185971853,185973053,"HiC_scaffold_1:185971853-185973053"
"HiC_scaffold_1",186435518,0.13434,"outlier",186434918,186436118,"HiC_scaffold_1:186434918-186436118"
"HiC_scaffold_1",186835011,0.098806,"outlier",186834411,186835611,"HiC_scaffold_1:186834411-186835611"
"HiC_scaffold_2",902683,0.106612,"outlier",902083,903283,"HiC_scaffold_2:902083-903283"
"HiC_scaffold_2",3898951,0.0931272,"outlier",3898351,3899551,"HiC_scaffold_2:3898351-3899551"
"HiC_scaffold_2",4258623,0.136747,"outlier",4258023,4259223,"HiC_scaffold_2:4258023-4259223"
"HiC_scaffold_2",13281634,0.0872583,"outlier",13281034,13282234,"HiC_scaffold_2:13281034-13282234"
"HiC_scaffold_2",16618061,0.101147,"outlier",16617461,16618661,"HiC_scaffold_2:16617461-16618661"
"HiC_scaffold_2",17484763,0.0872583,"outlier",17484163,17485363,"HiC_scaffold_2:17484163-17485363"
"HiC_scaffold_2",22302390,0.0920801,"outlier",22301790,22302990,"HiC_scaffold_2:22301790-22302990"
"HiC_scaffold_2",22887461,0.107204,"outlier",22886861,22888061,"HiC_scaffold_2:22886861-22888061"
"HiC_scaffold_2",23206874,0.112133,"outlier",23206274,23207474,"HiC_scaffold_2:23206274-23207474"
"HiC_scaffold_2",26897297,0.150266,"outlier",26896697,26897897,"HiC_scaffold_2:26896697-26897897"
"HiC_scaffold_2",33525495,0.0886325,"outlier",33524895,33526095,"HiC_scaffold_2:33524895-33526095"
"HiC_scaffold_2",34149996,0.103483,"outlier",34149396,34150596,"HiC_scaffold_2:34149396-34150596"
"HiC_scaffold_2",51220036,0.111562,"outlier",51219436,51220636,"HiC_scaffold_2:51219436-51220636"
"HiC_scaffold_2",58734420,0.0955013,"outlier",58733820,58735020,"HiC_scaffold_2:58733820-58735020"
"HiC_scaffold_2",59905440,0.0884575,"outlier",59904840,59906040,"HiC_scaffold_2:59904840-59906040"
"HiC_scaffold_2",63815279,0.0929851,"outlier",63814679,63815879,"HiC_scaffold_2:63814679-63815879"
"HiC_scaffold_2",67981575,0.144536,"outlier",67980975,67982175,"HiC_scaffold_2:67980975-67982175"
"HiC_scaffold_2",69598185,0.143742,"outlier",69597585,69598785,"HiC_scaffold_2:69597585-69598785"
"HiC_scaffold_2",71336213,0.108049,"outlier",71335613,71336813,"HiC_scaffold_2:71335613-71336813"
"HiC_scaffold_2",72343457,0.097246,"outlier",72342857,72344057,"HiC_scaffold_2:72342857-72344057"
"HiC_scaffold_2",72487996,0.0967387,"outlier",72487396,72488596,"HiC_scaffold_2:72487396-72488596"
"HiC_scaffold_2",74372018,0.171835,"outlier",74371418,74372618,"HiC_scaffold_2:74371418-74372618"
"HiC_scaffold_2",79569047,0.106611,"outlier",79568447,79569647,"HiC_scaffold_2:79568447-79569647"
"HiC_scaffold_2",83700144,0.194551,"outlier",83699544,83700744,"HiC_scaffold_2:83699544-83700744"
"HiC_scaffold_2",83989133,0.0879233,"outlier",83988533,83989733,"HiC_scaffold_2:83988533-83989733"
"HiC_scaffold_2",84502532,0.122761,"outlier",84501932,84503132,"HiC_scaffold_2:84501932-84503132"
"HiC_scaffold_2",85638993,0.0889588,"outlier",85638393,85639593,"HiC_scaffold_2:85638393-85639593"
"HiC_scaffold_2",85913183,0.0952326,"outlier",85912583,85913783,"HiC_scaffold_2:85912583-85913783"
"HiC_scaffold_2",86556264,0.10798,"outlier",86555664,86556864,"HiC_scaffold_2:86555664-86556864"
"HiC_scaffold_2",89017915,0.187862,"outlier",89017315,89018515,"HiC_scaffold_2:89017315-89018515"
"HiC_scaffold_2",95161654,0.121931,"outlier",95161054,95162254,"HiC_scaffold_2:95161054-95162254"
"HiC_scaffold_2",95273983,0.122529,"outlier",95273383,95274583,"HiC_scaffold_2:95273383-95274583"
"HiC_scaffold_2",98071991,0.0963617,"outlier",98071391,98072591,"HiC_scaffold_2:98071391-98072591"
"HiC_scaffold_2",98188802,0.0923516,"outlier",98188202,98189402,"HiC_scaffold_2:98188202-98189402"
"HiC_scaffold_2",100776867,0.0872828,"outlier",100776267,100777467,"HiC_scaffold_2:100776267-100777467"
"HiC_scaffold_2",110573955,0.089639,"outlier",110573355,110574555,"HiC_scaffold_2:110573355-110574555"
"HiC_scaffold_2",110801036,0.0956859,"outlier",110800436,110801636,"HiC_scaffold_2:110800436-110801636"
"HiC_scaffold_2",116904202,0.102909,"outlier",116903602,116904802,"HiC_scaffold_2:116903602-116904802"
"HiC_scaffold_2",118783634,0.0957357,"outlier",118783034,118784234,"HiC_scaffold_2:118783034-118784234"
"HiC_scaffold_2",121289313,0.208321,"outlier",121288713,121289913,"HiC_scaffold_2:121288713-121289913"
"HiC_scaffold_2",121852568,0.114166,"outlier",121851968,121853168,"HiC_scaffold_2:121851968-121853168"
"HiC_scaffold_2",122706601,0.0967387,"outlier",122706001,122707201,"HiC_scaffold_2:122706001-122707201"
"HiC_scaffold_2",123343978,0.107791,"outlier",123343378,123344578,"HiC_scaffold_2:123343378-123344578"
"HiC_scaffold_2",124634284,0.102801,"outlier",124633684,124634884,"HiC_scaffold_2:124633684-124634884"
"HiC_scaffold_2",125744890,0.0883619,"outlier",125744290,125745490,"HiC_scaffold_2:125744290-125745490"
"HiC_scaffold_2",139664143,0.101985,"outlier",139663543,139664743,"HiC_scaffold_2:139663543-139664743"
"HiC_scaffold_2",141294714,0.108359,"outlier",141294114,141295314,"HiC_scaffold_2:141294114-141295314"
"HiC_scaffold_2",146594995,0.131499,"outlier",146594395,146595595,"HiC_scaffold_2:146594395-146595595"
"HiC_scaffold_2",150038180,0.0920801,"outlier",150037580,150038780,"HiC_scaffold_2:150037580-150038780"
"HiC_scaffold_2",159724157,0.0868871,"outlier",159723557,159724757,"HiC_scaffold_2:159723557-159724757"
"HiC_scaffold_2",169663304,0.0936265,"outlier",169662704,169663904,"HiC_scaffold_2:169662704-169663904"
"HiC_scaffold_2",169701928,0.100196,"outlier",169701328,169702528,"HiC_scaffold_2:169701328-169702528"
"HiC_scaffold_2",171432512,0.0949887,"outlier",171431912,171433112,"HiC_scaffold_2:171431912-171433112"
"HiC_scaffold_2",173619468,0.115441,"outlier",173618868,173620068,"HiC_scaffold_2:173618868-173620068"
"HiC_scaffold_2",178510961,0.0890434,"outlier",178510361,178511561,"HiC_scaffold_2:178510361-178511561"
"HiC_scaffold_2",183185632,0.0989087,"outlier",183185032,183186232,"HiC_scaffold_2:183185032-183186232"
"HiC_scaffold_2",184258700,0.0967203,"outlier",184258100,184259300,"HiC_scaffold_2:184258100-184259300"
"HiC_scaffold_2",185370558,0.111562,"outlier",185369958,185371158,"HiC_scaffold_2:185369958-185371158"
"HiC_scaffold_2",186721007,0.121125,"outlier",186720407,186721607,"HiC_scaffold_2:186720407-186721607"
"HiC_scaffold_2",186763194,0.0902094,"outlier",186762594,186763794,"HiC_scaffold_2:186762594-186763794"
"HiC_scaffold_2",187227609,0.0998741,"outlier",187227009,187228209,"HiC_scaffold_2:187227009-187228209"
"HiC_scaffold_2",188550917,0.104657,"outlier",188550317,188551517,"HiC_scaffold_2:188550317-188551517"
"HiC_scaffold_2",192840356,0.137087,"outlier",192839756,192840956,"HiC_scaffold_2:192839756-192840956"
"HiC_scaffold_2",200033746,0.0959559,"outlier",200033146,200034346,"HiC_scaffold_2:200033146-200034346"
"HiC_scaffold_2",206350185,0.0872828,"outlier",206349585,206350785,"HiC_scaffold_2:206349585-206350785"
"HiC_scaffold_3",1829845,0.0946129,"outlier",1829245,1830445,"HiC_scaffold_3:1829245-1830445"
"HiC_scaffold_3",2173689,0.112607,"outlier",2173089,2174289,"HiC_scaffold_3:2173089-2174289"
"HiC_scaffold_3",2411468,0.140031,"outlier",2410868,2412068,"HiC_scaffold_3:2410868-2412068"
"HiC_scaffold_3",2773033,0.117787,"outlier",2772433,2773633,"HiC_scaffold_3:2772433-2773633"
"HiC_scaffold_3",3135092,0.126116,"outlier",3134492,3135692,"HiC_scaffold_3:3134492-3135692"
"HiC_scaffold_3",12437736,0.0910698,"outlier",12437136,12438336,"HiC_scaffold_3:12437136-12438336"
"HiC_scaffold_3",12875207,0.0913808,"outlier",12874607,12875807,"HiC_scaffold_3:12874607-12875807"
"HiC_scaffold_3",15268883,0.114911,"outlier",15268283,15269483,"HiC_scaffold_3:15268283-15269483"
"HiC_scaffold_3",16172933,0.111345,"outlier",16172333,16173533,"HiC_scaffold_3:16172333-16173533"
"HiC_scaffold_3",22369268,0.0913808,"outlier",22368668,22369868,"HiC_scaffold_3:22368668-22369868"
"HiC_scaffold_3",23689112,0.128441,"outlier",23688512,23689712,"HiC_scaffold_3:23688512-23689712"
"HiC_scaffold_3",23790621,0.124656,"outlier",23790021,23791221,"HiC_scaffold_3:23790021-23791221"
"HiC_scaffold_3",33263501,0.0907871,"outlier",33262901,33264101,"HiC_scaffold_3:33262901-33264101"
"HiC_scaffold_3",35033847,0.0967028,"outlier",35033247,35034447,"HiC_scaffold_3:35033247-35034447"
"HiC_scaffold_3",36097569,0.119347,"outlier",36096969,36098169,"HiC_scaffold_3:36096969-36098169"
"HiC_scaffold_3",42787217,0.125693,"outlier",42786617,42787817,"HiC_scaffold_3:42786617-42787817"
"HiC_scaffold_3",42917854,0.109786,"outlier",42917254,42918454,"HiC_scaffold_3:42917254-42918454"
"HiC_scaffold_3",43485489,0.0956844,"outlier",43484889,43486089,"HiC_scaffold_3:43484889-43486089"
"HiC_scaffold_3",45883187,0.0879233,"outlier",45882587,45883787,"HiC_scaffold_3:45882587-45883787"
"HiC_scaffold_3",46465446,0.115578,"outlier",46464846,46466046,"HiC_scaffold_3:46464846-46466046"
"HiC_scaffold_3",49310686,0.0941823,"outlier",49310086,49311286,"HiC_scaffold_3:49310086-49311286"
"HiC_scaffold_3",54241720,0.127781,"outlier",54241120,54242320,"HiC_scaffold_3:54241120-54242320"
"HiC_scaffold_3",62750367,0.0900066,"outlier",62749767,62750967,"HiC_scaffold_3:62749767-62750967"
"HiC_scaffold_3",72408817,0.102726,"outlier",72408217,72409417,"HiC_scaffold_3:72408217-72409417"
"HiC_scaffold_3",75149504,0.124656,"outlier",75148904,75150104,"HiC_scaffold_3:75148904-75150104"
"HiC_scaffold_3",77621778,0.100366,"outlier",77621178,77622378,"HiC_scaffold_3:77621178-77622378"
"HiC_scaffold_3",80196580,0.0885894,"outlier",80195980,80197180,"HiC_scaffold_3:80195980-80197180"
"HiC_scaffold_3",83548089,0.09027,"outlier",83547489,83548689,"HiC_scaffold_3:83547489-83548689"
"HiC_scaffold_3",99947869,0.119177,"outlier",99947269,99948469,"HiC_scaffold_3:99947269-99948469"
"HiC_scaffold_3",100059959,0.089172,"outlier",100059359,100060559,"HiC_scaffold_3:100059359-100060559"
"HiC_scaffold_3",102606999,0.109052,"outlier",102606399,102607599,"HiC_scaffold_3:102606399-102607599"
"HiC_scaffold_3",110133457,0.0913886,"outlier",110132857,110134057,"HiC_scaffold_3:110132857-110134057"
"HiC_scaffold_3",115144034,0.104304,"outlier",115143434,115144634,"HiC_scaffold_3:115143434-115144634"
"HiC_scaffold_3",125693853,0.0969857,"outlier",125693253,125694453,"HiC_scaffold_3:125693253-125694453"
"HiC_scaffold_3",126380230,0.105508,"outlier",126379630,126380830,"HiC_scaffold_3:126379630-126380830"
"HiC_scaffold_3",127217223,0.106568,"outlier",127216623,127217823,"HiC_scaffold_3:127216623-127217823"
"HiC_scaffold_3",127467329,0.113675,"outlier",127466729,127467929,"HiC_scaffold_3:127466729-127467929"
"HiC_scaffold_3",127531350,0.110324,"outlier",127530750,127531950,"HiC_scaffold_3:127530750-127531950"
"HiC_scaffold_3",129357501,0.0885894,"outlier",129356901,129358101,"HiC_scaffold_3:129356901-129358101"
"HiC_scaffold_3",130849719,0.0897514,"outlier",130849119,130850319,"HiC_scaffold_3:130849119-130850319"
"HiC_scaffold_3",131029580,0.0899066,"outlier",131028980,131030180,"HiC_scaffold_3:131028980-131030180"
"HiC_scaffold_3",132881017,0.0981259,"outlier",132880417,132881617,"HiC_scaffold_3:132880417-132881617"
"HiC_scaffold_3",134094893,0.102801,"outlier",134094293,134095493,"HiC_scaffold_3:134094293-134095493"
"HiC_scaffold_3",134360930,0.110581,"outlier",134360330,134361530,"HiC_scaffold_3:134360330-134361530"
"HiC_scaffold_3",136367301,0.10791,"outlier",136366701,136367901,"HiC_scaffold_3:136366701-136367901"
"HiC_scaffold_3",143233251,0.1002,"outlier",143232651,143233851,"HiC_scaffold_3:143232651-143233851"
"HiC_scaffold_3",147045108,0.0973923,"outlier",147044508,147045708,"HiC_scaffold_3:147044508-147045708"
"HiC_scaffold_3",151066470,0.0932374,"outlier",151065870,151067070,"HiC_scaffold_3:151065870-151067070"
"HiC_scaffold_3",152741538,0.100196,"outlier",152740938,152742138,"HiC_scaffold_3:152740938-152742138"
"HiC_scaffold_3",163928973,0.0946302,"outlier",163928373,163929573,"HiC_scaffold_3:163928373-163929573"
"HiC_scaffold_3",180208604,0.096352,"outlier",180208004,180209204,"HiC_scaffold_3:180208004-180209204"
"HiC_scaffold_3",182013137,0.104012,"outlier",182012537,182013737,"HiC_scaffold_3:182012537-182013737"
"HiC_scaffold_3",182024500,0.0876146,"outlier",182023900,182025100,"HiC_scaffold_3:182023900-182025100"
"HiC_scaffold_3",184677658,0.0973923,"outlier",184677058,184678258,"HiC_scaffold_3:184677058-184678258"
"HiC_scaffold_4",3276678,0.11838,"outlier",3276078,3277278,"HiC_scaffold_4:3276078-3277278"
"HiC_scaffold_4",5304222,0.120088,"outlier",5303622,5304822,"HiC_scaffold_4:5303622-5304822"
"HiC_scaffold_4",12257008,0.0925858,"outlier",12256408,12257608,"HiC_scaffold_4:12256408-12257608"
"HiC_scaffold_4",13887918,0.104975,"outlier",13887318,13888518,"HiC_scaffold_4:13887318-13888518"
"HiC_scaffold_4",20610687,0.110686,"outlier",20610087,20611287,"HiC_scaffold_4:20610087-20611287"
"HiC_scaffold_4",31221039,0.0953327,"outlier",31220439,31221639,"HiC_scaffold_4:31220439-31221639"
"HiC_scaffold_4",31424140,0.100002,"outlier",31423540,31424740,"HiC_scaffold_4:31423540-31424740"
"HiC_scaffold_4",35070368,0.106811,"outlier",35069768,35070968,"HiC_scaffold_4:35069768-35070968"
"HiC_scaffold_4",39430048,0.09556,"outlier",39429448,39430648,"HiC_scaffold_4:39429448-39430648"
"HiC_scaffold_4",42413364,0.135128,"outlier",42412764,42413964,"HiC_scaffold_4:42412764-42413964"
"HiC_scaffold_4",51390033,0.0920656,"outlier",51389433,51390633,"HiC_scaffold_4:51389433-51390633"
"HiC_scaffold_4",54561877,0.0888273,"outlier",54561277,54562477,"HiC_scaffold_4:54561277-54562477"
"HiC_scaffold_4",62705077,0.0959559,"outlier",62704477,62705677,"HiC_scaffold_4:62704477-62705677"
"HiC_scaffold_4",85458274,0.0900066,"outlier",85457674,85458874,"HiC_scaffold_4:85457674-85458874"
"HiC_scaffold_4",105154539,0.102454,"outlier",105153939,105155139,"HiC_scaffold_4:105153939-105155139"
"HiC_scaffold_4",111245321,0.120202,"outlier",111244721,111245921,"HiC_scaffold_4:111244721-111245921"
"HiC_scaffold_4",114150833,0.0872828,"outlier",114150233,114151433,"HiC_scaffold_4:114150233-114151433"
"HiC_scaffold_4",117865407,0.0986563,"outlier",117864807,117866007,"HiC_scaffold_4:117864807-117866007"
"HiC_scaffold_4",118697593,0.0878772,"outlier",118696993,118698193,"HiC_scaffold_4:118696993-118698193"
"HiC_scaffold_4",118887984,0.108382,"outlier",118887384,118888584,"HiC_scaffold_4:118887384-118888584"
"HiC_scaffold_4",119585660,0.0949887,"outlier",119585060,119586260,"HiC_scaffold_4:119585060-119586260"
"HiC_scaffold_4",132724159,0.09556,"outlier",132723559,132724759,"HiC_scaffold_4:132723559-132724759"
"HiC_scaffold_4",133092503,0.0882365,"outlier",133091903,133093103,"HiC_scaffold_4:133091903-133093103"
"HiC_scaffold_4",145850491,0.11248,"outlier",145849891,145851091,"HiC_scaffold_4:145849891-145851091"
"HiC_scaffold_4",149321344,0.119075,"outlier",149320744,149321944,"HiC_scaffold_4:149320744-149321944"
"HiC_scaffold_4",174117531,0.130719,"outlier",174116931,174118131,"HiC_scaffold_4:174116931-174118131"
"HiC_scaffold_4",182365811,0.104163,"outlier",182365211,182366411,"HiC_scaffold_4:182365211-182366411"
"HiC_scaffold_4",185431813,0.0889201,"outlier",185431213,185432413,"HiC_scaffold_4:185431213-185432413"
"HiC_scaffold_4",186549060,0.0879233,"outlier",186548460,186549660,"HiC_scaffold_4:186548460-186549660"
"HiC_scaffold_4",190295243,0.0976213,"outlier",190294643,190295843,"HiC_scaffold_4:190294643-190295843"
"HiC_scaffold_4",194861954,0.0891912,"outlier",194861354,194862554,"HiC_scaffold_4:194861354-194862554"
"HiC_scaffold_4",195167712,0.118268,"outlier",195167112,195168312,"HiC_scaffold_4:195167112-195168312"
"HiC_scaffold_4",202117314,0.107791,"outlier",202116714,202117914,"HiC_scaffold_4:202116714-202117914"
"HiC_scaffold_4",205453576,0.10819,"outlier",205452976,205454176,"HiC_scaffold_4:205452976-205454176"
"HiC_scaffold_4",206791404,0.0959162,"outlier",206790804,206792004,"HiC_scaffold_4:206790804-206792004"
"HiC_scaffold_4",207718626,0.121985,"outlier",207718026,207719226,"HiC_scaffold_4:207718026-207719226"
"HiC_scaffold_4",209338224,0.0889725,"outlier",209337624,209338824,"HiC_scaffold_4:209337624-209338824"
"HiC_scaffold_4",210322778,0.111792,"outlier",210322178,210323378,"HiC_scaffold_4:210322178-210323378"
"HiC_scaffold_5",1363777,0.100366,"outlier",1363177,1364377,"HiC_scaffold_5:1363177-1364377"
"HiC_scaffold_5",3490008,0.0971171,"outlier",3489408,3490608,"HiC_scaffold_5:3489408-3490608"
"HiC_scaffold_5",4534995,0.0944092,"outlier",4534395,4535595,"HiC_scaffold_5:4534395-4535595"
"HiC_scaffold_5",5867458,0.100047,"outlier",5866858,5868058,"HiC_scaffold_5:5866858-5868058"
"HiC_scaffold_5",11887444,0.101953,"outlier",11886844,11888044,"HiC_scaffold_5:11886844-11888044"
"HiC_scaffold_5",12085532,0.0909191,"outlier",12084932,12086132,"HiC_scaffold_5:12084932-12086132"
"HiC_scaffold_5",14769326,0.0876351,"outlier",14768726,14769926,"HiC_scaffold_5:14768726-14769926"
"HiC_scaffold_5",19774381,0.143263,"outlier",19773781,19774981,"HiC_scaffold_5:19773781-19774981"
"HiC_scaffold_5",19844787,0.0877077,"outlier",19844187,19845387,"HiC_scaffold_5:19844187-19845387"
"HiC_scaffold_5",24528114,0.098806,"outlier",24527514,24528714,"HiC_scaffold_5:24527514-24528714"
"HiC_scaffold_5",25640600,0.136027,"outlier",25640000,25641200,"HiC_scaffold_5:25640000-25641200"
"HiC_scaffold_5",25704208,0.128296,"outlier",25703608,25704808,"HiC_scaffold_5:25703608-25704808"
"HiC_scaffold_5",31306035,0.0959786,"outlier",31305435,31306635,"HiC_scaffold_5:31305435-31306635"
"HiC_scaffold_5",36987357,0.0920801,"outlier",36986757,36987957,"HiC_scaffold_5:36986757-36987957"
"HiC_scaffold_5",40402486,0.103194,"outlier",40401886,40403086,"HiC_scaffold_5:40401886-40403086"
"HiC_scaffold_5",40570771,0.127385,"outlier",40570171,40571371,"HiC_scaffold_5:40570171-40571371"
"HiC_scaffold_5",45815461,0.0942649,"outlier",45814861,45816061,"HiC_scaffold_5:45814861-45816061"
"HiC_scaffold_5",48688717,0.091886,"outlier",48688117,48689317,"HiC_scaffold_5:48688117-48689317"
"HiC_scaffold_5",49300836,0.0909134,"outlier",49300236,49301436,"HiC_scaffold_5:49300236-49301436"
"HiC_scaffold_5",49634362,0.13605,"outlier",49633762,49634962,"HiC_scaffold_5:49633762-49634962"
"HiC_scaffold_5",50410529,0.0907546,"outlier",50409929,50411129,"HiC_scaffold_5:50409929-50411129"
"HiC_scaffold_5",62977102,0.121408,"outlier",62976502,62977702,"HiC_scaffold_5:62976502-62977702"
"HiC_scaffold_5",69200778,0.0915027,"outlier",69200178,69201378,"HiC_scaffold_5:69200178-69201378"
"HiC_scaffold_5",72283829,0.112993,"outlier",72283229,72284429,"HiC_scaffold_5:72283229-72284429"
"HiC_scaffold_5",82160271,0.138132,"outlier",82159671,82160871,"HiC_scaffold_5:82159671-82160871"
"HiC_scaffold_5",96474666,0.110115,"outlier",96474066,96475266,"HiC_scaffold_5:96474066-96475266"
"HiC_scaffold_5",97295624,0.137905,"outlier",97295024,97296224,"HiC_scaffold_5:97295024-97296224"
"HiC_scaffold_5",98014311,0.111792,"outlier",98013711,98014911,"HiC_scaffold_5:98013711-98014911"
"HiC_scaffold_5",99467162,0.102556,"outlier",99466562,99467762,"HiC_scaffold_5:99466562-99467762"
"HiC_scaffold_5",100821304,0.11358,"outlier",100820704,100821904,"HiC_scaffold_5:100820704-100821904"
"HiC_scaffold_5",102274292,0.0936102,"outlier",102273692,102274892,"HiC_scaffold_5:102273692-102274892"
"HiC_scaffold_5",102401752,0.102801,"outlier",102401152,102402352,"HiC_scaffold_5:102401152-102402352"
"HiC_scaffold_5",102890058,0.109191,"outlier",102889458,102890658,"HiC_scaffold_5:102889458-102890658"
"HiC_scaffold_5",103253076,0.100406,"outlier",103252476,103253676,"HiC_scaffold_5:103252476-103253676"
"HiC_scaffold_6",1081251,0.0881212,"outlier",1080651,1081851,"HiC_scaffold_6:1080651-1081851"
"HiC_scaffold_6",8078553,0.156226,"outlier",8077953,8079153,"HiC_scaffold_6:8077953-8079153"
"HiC_scaffold_6",15015969,0.108561,"outlier",15015369,15016569,"HiC_scaffold_6:15015369-15016569"
"HiC_scaffold_6",15470047,0.135019,"outlier",15469447,15470647,"HiC_scaffold_6:15469447-15470647"
"HiC_scaffold_6",16380313,0.117324,"outlier",16379713,16380913,"HiC_scaffold_6:16379713-16380913"
"HiC_scaffold_6",17136776,0.0894941,"outlier",17136176,17137376,"HiC_scaffold_6:17136176-17137376"
"HiC_scaffold_6",20458446,0.130227,"outlier",20457846,20459046,"HiC_scaffold_6:20457846-20459046"
"HiC_scaffold_6",20877371,0.0967253,"outlier",20876771,20877971,"HiC_scaffold_6:20876771-20877971"
"HiC_scaffold_6",21076679,0.0907888,"outlier",21076079,21077279,"HiC_scaffold_6:21076079-21077279"
"HiC_scaffold_6",33282735,0.087301,"outlier",33282135,33283335,"HiC_scaffold_6:33282135-33283335"
"HiC_scaffold_6",37469439,0.137819,"outlier",37468839,37470039,"HiC_scaffold_6:37468839-37470039"
"HiC_scaffold_6",38950820,0.143617,"outlier",38950220,38951420,"HiC_scaffold_6:38950220-38951420"
"HiC_scaffold_6",55903737,0.121765,"outlier",55903137,55904337,"HiC_scaffold_6:55903137-55904337"
"HiC_scaffold_6",64258346,0.092095,"outlier",64257746,64258946,"HiC_scaffold_6:64257746-64258946"
"HiC_scaffold_6",65574841,0.0965702,"outlier",65574241,65575441,"HiC_scaffold_6:65574241-65575441"
"HiC_scaffold_6",76374027,0.0963338,"outlier",76373427,76374627,"HiC_scaffold_6:76373427-76374627"
"HiC_scaffold_6",85778073,0.0919613,"outlier",85777473,85778673,"HiC_scaffold_6:85777473-85778673"
"HiC_scaffold_6",86737478,0.0886325,"outlier",86736878,86738078,"HiC_scaffold_6:86736878-86738078"
"HiC_scaffold_6",87723407,0.19227,"outlier",87722807,87724007,"HiC_scaffold_6:87722807-87724007"
"HiC_scaffold_6",92542179,0.101484,"outlier",92541579,92542779,"HiC_scaffold_6:92541579-92542779"
"HiC_scaffold_6",92816468,0.110581,"outlier",92815868,92817068,"HiC_scaffold_6:92815868-92817068"
"HiC_scaffold_6",101237842,0.109243,"outlier",101237242,101238442,"HiC_scaffold_6:101237242-101238442"
"HiC_scaffold_6",101653897,0.0959559,"outlier",101653297,101654497,"HiC_scaffold_6:101653297-101654497"
"HiC_scaffold_6",104852850,0.106693,"outlier",104852250,104853450,"HiC_scaffold_6:104852250-104853450"
"HiC_scaffold_6",105430044,0.0972796,"outlier",105429444,105430644,"HiC_scaffold_6:105429444-105430644"
"HiC_scaffold_6",107665449,0.0987564,"outlier",107664849,107666049,"HiC_scaffold_6:107664849-107666049"
"HiC_scaffold_6",108291568,0.0913808,"outlier",108290968,108292168,"HiC_scaffold_6:108290968-108292168"
"HiC_scaffold_6",109315203,0.0916772,"outlier",109314603,109315803,"HiC_scaffold_6:109314603-109315803"
"HiC_scaffold_6",110995469,0.101147,"outlier",110994869,110996069,"HiC_scaffold_6:110994869-110996069"
"HiC_scaffold_6",116275157,0.112983,"outlier",116274557,116275757,"HiC_scaffold_6:116274557-116275757"
"HiC_scaffold_6",126784287,0.0985955,"outlier",126783687,126784887,"HiC_scaffold_6:126783687-126784887"
"HiC_scaffold_6",128402748,0.0907871,"outlier",128402148,128403348,"HiC_scaffold_6:128402148-128403348"
"HiC_scaffold_6",131056677,0.101231,"outlier",131056077,131057277,"HiC_scaffold_6:131056077-131057277"
"HiC_scaffold_6",132139322,0.100686,"outlier",132138722,132139922,"HiC_scaffold_6:132138722-132139922"
"HiC_scaffold_6",132908822,0.128862,"outlier",132908222,132909422,"HiC_scaffold_6:132908222-132909422"
"HiC_scaffold_7",727888,0.0944262,"outlier",727288,728488,"HiC_scaffold_7:727288-728488"
"HiC_scaffold_7",16042132,0.0872828,"outlier",16041532,16042732,"HiC_scaffold_7:16041532-16042732"
"HiC_scaffold_7",20227587,0.10934,"outlier",20226987,20228187,"HiC_scaffold_7:20226987-20228187"
"HiC_scaffold_7",21105699,0.119078,"outlier",21105099,21106299,"HiC_scaffold_7:21105099-21106299"
"HiC_scaffold_7",21814941,0.0889725,"outlier",21814341,21815541,"HiC_scaffold_7:21814341-21815541"
"HiC_scaffold_7",36266800,0.103651,"outlier",36266200,36267400,"HiC_scaffold_7:36266200-36267400"
"HiC_scaffold_7",36986109,0.0946302,"outlier",36985509,36986709,"HiC_scaffold_7:36985509-36986709"
"HiC_scaffold_7",40608781,0.0889188,"outlier",40608181,40609381,"HiC_scaffold_7:40608181-40609381"
"HiC_scaffold_7",44690151,0.110685,"outlier",44689551,44690751,"HiC_scaffold_7:44689551-44690751"
"HiC_scaffold_7",57790221,0.0963338,"outlier",57789621,57790821,"HiC_scaffold_7:57789621-57790821"
"HiC_scaffold_7",58643502,0.103193,"outlier",58642902,58644102,"HiC_scaffold_7:58642902-58644102"
"HiC_scaffold_7",59593205,0.131811,"outlier",59592605,59593805,"HiC_scaffold_7:59592605-59593805"
"HiC_scaffold_7",59997870,0.0868871,"outlier",59997270,59998470,"HiC_scaffold_7:59997270-59998470"
"HiC_scaffold_7",67860879,0.107806,"outlier",67860279,67861479,"HiC_scaffold_7:67860279-67861479"
"HiC_scaffold_7",79032517,0.0966125,"outlier",79031917,79033117,"HiC_scaffold_7:79031917-79033117"
"HiC_scaffold_7",81050839,0.0897551,"outlier",81050239,81051439,"HiC_scaffold_7:81050239-81051439"
"HiC_scaffold_7",81775756,0.0884202,"outlier",81775156,81776356,"HiC_scaffold_7:81775156-81776356"
"HiC_scaffold_7",84936949,0.137026,"outlier",84936349,84937549,"HiC_scaffold_7:84936349-84937549"
"HiC_scaffold_7",84942269,0.08785,"outlier",84941669,84942869,"HiC_scaffold_7:84941669-84942869"
"HiC_scaffold_7",85589412,0.126666,"outlier",85588812,85590012,"HiC_scaffold_7:85588812-85590012"
"HiC_scaffold_7",89999358,0.0877626,"outlier",89998758,89999958,"HiC_scaffold_7:89998758-89999958"
"HiC_scaffold_8",1839350,0.104984,"outlier",1838750,1839950,"HiC_scaffold_8:1838750-1839950"
"HiC_scaffold_8",6673575,0.0994605,"outlier",6672975,6674175,"HiC_scaffold_8:6672975-6674175"
"HiC_scaffold_8",7672524,0.0955934,"outlier",7671924,7673124,"HiC_scaffold_8:7671924-7673124"
"HiC_scaffold_8",9937913,0.131811,"outlier",9937313,9938513,"HiC_scaffold_8:9937313-9938513"
"HiC_scaffold_8",9939764,0.0934898,"outlier",9939164,9940364,"HiC_scaffold_8:9939164-9940364"
"HiC_scaffold_8",12012796,0.0868871,"outlier",12012196,12013396,"HiC_scaffold_8:12012196-12013396"
"HiC_scaffold_8",12605791,0.104304,"outlier",12605191,12606391,"HiC_scaffold_8:12605191-12606391"
"HiC_scaffold_8",12658798,0.134321,"outlier",12658198,12659398,"HiC_scaffold_8:12658198-12659398"
"HiC_scaffold_8",14242355,0.0953684,"outlier",14241755,14242955,"HiC_scaffold_8:14241755-14242955"
"HiC_scaffold_8",16706120,0.0926378,"outlier",16705520,16706720,"HiC_scaffold_8:16705520-16706720"
"HiC_scaffold_8",17468540,0.0885785,"outlier",17467940,17469140,"HiC_scaffold_8:17467940-17469140"
"HiC_scaffold_8",18258688,0.103327,"outlier",18258088,18259288,"HiC_scaffold_8:18258088-18259288"
"HiC_scaffold_8",22152773,0.0920801,"outlier",22152173,22153373,"HiC_scaffold_8:22152173-22153373"
"HiC_scaffold_8",24284347,0.0998741,"outlier",24283747,24284947,"HiC_scaffold_8:24283747-24284947"
"HiC_scaffold_8",24935065,0.103266,"outlier",24934465,24935665,"HiC_scaffold_8:24934465-24935665"
"HiC_scaffold_8",25729052,0.092741,"outlier",25728452,25729652,"HiC_scaffold_8:25728452-25729652"
"HiC_scaffold_8",27654295,0.100079,"outlier",27653695,27654895,"HiC_scaffold_8:27653695-27654895"
"HiC_scaffold_8",31756706,0.100196,"outlier",31756106,31757306,"HiC_scaffold_8:31756106-31757306"
"HiC_scaffold_8",32790515,0.0998741,"outlier",32789915,32791115,"HiC_scaffold_8:32789915-32791115"
"HiC_scaffold_8",37988352,0.099437,"outlier",37987752,37988952,"HiC_scaffold_8:37987752-37988952"
"HiC_scaffold_8",38988429,0.0916147,"outlier",38987829,38989029,"HiC_scaffold_8:38987829-38989029"
"HiC_scaffold_8",42125595,0.0957357,"outlier",42124995,42126195,"HiC_scaffold_8:42124995-42126195"
"HiC_scaffold_8",46499116,0.109845,"outlier",46498516,46499716,"HiC_scaffold_8:46498516-46499716"
"HiC_scaffold_8",53582870,0.101869,"outlier",53582270,53583470,"HiC_scaffold_8:53582270-53583470"
"HiC_scaffold_8",54590268,0.137819,"outlier",54589668,54590868,"HiC_scaffold_8:54589668-54590868"
"HiC_scaffold_8",54710767,0.0900066,"outlier",54710167,54711367,"HiC_scaffold_8:54710167-54711367"
"HiC_scaffold_8",56483736,0.098806,"outlier",56483136,56484336,"HiC_scaffold_8:56483136-56484336"
"HiC_scaffold_9",2501890,0.096352,"outlier",2501290,2502490,"HiC_scaffold_9:2501290-2502490"
"HiC_scaffold_9",8700677,0.104729,"outlier",8700077,8701277,"HiC_scaffold_9:8700077-8701277"
"HiC_scaffold_9",17023670,0.0912882,"outlier",17023070,17024270,"HiC_scaffold_9:17023070-17024270"
"HiC_scaffold_9",19224689,0.118129,"outlier",19224089,19225289,"HiC_scaffold_9:19224089-19225289"
"HiC_scaffold_9",22457396,0.124257,"outlier",22456796,22457996,"HiC_scaffold_9:22456796-22457996"
"HiC_scaffold_9",34939190,0.112202,"outlier",34938590,34939790,"HiC_scaffold_9:34938590-34939790"
"HiC_scaffold_9",40635761,0.105754,"outlier",40635161,40636361,"HiC_scaffold_9:40635161-40636361"
"HiC_scaffold_9",45195320,0.0965702,"outlier",45194720,45195920,"HiC_scaffold_9:45194720-45195920"
"HiC_scaffold_9",46021880,0.088201,"outlier",46021280,46022480,"HiC_scaffold_9:46021280-46022480"
"HiC_scaffold_9",55804128,0.0965493,"outlier",55803528,55804728,"HiC_scaffold_9:55803528-55804728"
"HiC_scaffold_9",58787834,0.0956053,"outlier",58787234,58788434,"HiC_scaffold_9:58787234-58788434"
"HiC_scaffold_9",58810454,0.0894941,"outlier",58809854,58811054,"HiC_scaffold_9:58809854-58811054"
"HiC_scaffold_9",61603632,0.102016,"outlier",61603032,61604232,"HiC_scaffold_9:61603032-61604232"
"HiC_scaffold_9",63352440,0.0894596,"outlier",63351840,63353040,"HiC_scaffold_9:63351840-63353040"
"HiC_scaffold_9",69933227,0.108242,"outlier",69932627,69933827,"HiC_scaffold_9:69932627-69933827"
"HiC_scaffold_9",71377512,0.110862,"outlier",71376912,71378112,"HiC_scaffold_9:71376912-71378112"
"HiC_scaffold_9",73852703,0.0868871,"outlier",73852103,73853303,"HiC_scaffold_9:73852103-73853303"
"HiC_scaffold_9",73889405,0.15284,"outlier",73888805,73890005,"HiC_scaffold_9:73888805-73890005"
"HiC_scaffold_9",82822438,0.0940411,"outlier",82821838,82823038,"HiC_scaffold_9:82821838-82823038"
"HiC_scaffold_9",82839186,0.0998172,"outlier",82838586,82839786,"HiC_scaffold_9:82838586-82839786"
"HiC_scaffold_9",86333816,0.119289,"outlier",86333216,86334416,"HiC_scaffold_9:86333216-86334416"
"HiC_scaffold_10",1508490,0.0919613,"outlier",1507890,1509090,"HiC_scaffold_10:1507890-1509090"
"HiC_scaffold_10",2536120,0.0977321,"outlier",2535520,2536720,"HiC_scaffold_10:2535520-2536720"
"HiC_scaffold_10",3560587,0.0979495,"outlier",3559987,3561187,"HiC_scaffold_10:3559987-3561187"
"HiC_scaffold_10",5237995,0.0872828,"outlier",5237395,5238595,"HiC_scaffold_10:5237395-5238595"
"HiC_scaffold_10",7118734,0.100503,"outlier",7118134,7119334,"HiC_scaffold_10:7118134-7119334"
"HiC_scaffold_10",7257581,0.0909845,"outlier",7256981,7258181,"HiC_scaffold_10:7256981-7258181"
"HiC_scaffold_10",7382994,0.0985369,"outlier",7382394,7383594,"HiC_scaffold_10:7382394-7383594"
"HiC_scaffold_10",12802082,0.0954372,"outlier",12801482,12802682,"HiC_scaffold_10:12801482-12802682"
"HiC_scaffold_10",25005861,0.103154,"outlier",25005261,25006461,"HiC_scaffold_10:25005261-25006461"
"HiC_scaffold_10",29913368,0.089172,"outlier",29912768,29913968,"HiC_scaffold_10:29912768-29913968"
"HiC_scaffold_10",31757293,0.0932374,"outlier",31756693,31757893,"HiC_scaffold_10:31756693-31757893"
"HiC_scaffold_10",38324218,0.120012,"outlier",38323618,38324818,"HiC_scaffold_10:38323618-38324818"
"HiC_scaffold_10",38512051,0.136548,"outlier",38511451,38512651,"HiC_scaffold_10:38511451-38512651"
"HiC_scaffold_10",68998474,0.0996627,"outlier",68997874,68999074,"HiC_scaffold_10:68997874-68999074"
"HiC_scaffold_10",69250141,0.0894383,"outlier",69249541,69250741,"HiC_scaffold_10:69249541-69250741"
"HiC_scaffold_10",71600756,0.0872023,"outlier",71600156,71601356,"HiC_scaffold_10:71600156-71601356"
"HiC_scaffold_10",91622519,0.0879769,"outlier",91621919,91623119,"HiC_scaffold_10:91621919-91623119"
"HiC_scaffold_10",93810376,0.110324,"outlier",93809776,93810976,"HiC_scaffold_10:93809776-93810976"
"HiC_scaffold_10",95057367,0.0986563,"outlier",95056767,95057967,"HiC_scaffold_10:95056767-95057967"
"HiC_scaffold_10",96686048,0.10717,"outlier",96685448,96686648,"HiC_scaffold_10:96685448-96686648"
"HiC_scaffold_10",97218411,0.141167,"outlier",97217811,97219011,"HiC_scaffold_10:97217811-97219011"
"HiC_scaffold_10",105323905,0.099437,"outlier",105323305,105324505,"HiC_scaffold_10:105323305-105324505"
"HiC_scaffold_10",106693545,0.09027,"outlier",106692945,106694145,"HiC_scaffold_10:106692945-106694145"
"HiC_scaffold_10",107660159,0.0979114,"outlier",107659559,107660759,"HiC_scaffold_10:107659559-107660759"
"HiC_scaffold_11",440233,0.138053,"outlier",439633,440833,"HiC_scaffold_11:439633-440833"
"HiC_scaffold_11",1961368,0.10937,"outlier",1960768,1961968,"HiC_scaffold_11:1960768-1961968"
"HiC_scaffold_11",2214461,0.0930105,"outlier",2213861,2215061,"HiC_scaffold_11:2213861-2215061"
"HiC_scaffold_11",2436557,0.162907,"outlier",2435957,2437157,"HiC_scaffold_11:2435957-2437157"
"HiC_scaffold_11",2635463,0.143742,"outlier",2634863,2636063,"HiC_scaffold_11:2634863-2636063"
"HiC_scaffold_11",3948981,0.0903851,"outlier",3948381,3949581,"HiC_scaffold_11:3948381-3949581"
"HiC_scaffold_11",11415909,0.106179,"outlier",11415309,11416509,"HiC_scaffold_11:11415309-11416509"
"HiC_scaffold_11",14422737,0.101092,"outlier",14422137,14423337,"HiC_scaffold_11:14422137-14423337"
"HiC_scaffold_11",21762090,0.0872583,"outlier",21761490,21762690,"HiC_scaffold_11:21761490-21762690"
"HiC_scaffold_11",22810990,0.110103,"outlier",22810390,22811590,"HiC_scaffold_11:22810390-22811590"
"HiC_scaffold_11",24305535,0.0974385,"outlier",24304935,24306135,"HiC_scaffold_11:24304935-24306135"
"HiC_scaffold_11",35487769,0.115741,"outlier",35487169,35488369,"HiC_scaffold_11:35487169-35488369"
"HiC_scaffold_11",35636594,0.0981298,"outlier",35635994,35637194,"HiC_scaffold_11:35635994-35637194"
"HiC_scaffold_11",36800157,0.105662,"outlier",36799557,36800757,"HiC_scaffold_11:36799557-36800757"
"HiC_scaffold_11",38960924,0.110643,"outlier",38960324,38961524,"HiC_scaffold_11:38960324-38961524"
"HiC_scaffold_11",38983378,0.0868871,"outlier",38982778,38983978,"HiC_scaffold_11:38982778-38983978"
"HiC_scaffold_11",45345890,0.098564,"outlier",45345290,45346490,"HiC_scaffold_11:45345290-45346490"
"HiC_scaffold_11",47720250,0.0908119,"outlier",47719650,47720850,"HiC_scaffold_11:47719650-47720850"
"HiC_scaffold_11",52608916,0.112672,"outlier",52608316,52609516,"HiC_scaffold_11:52608316-52609516"
"HiC_scaffold_11",54650364,0.101484,"outlier",54649764,54650964,"HiC_scaffold_11:54649764-54650964"
"HiC_scaffold_11",55135113,0.097905,"outlier",55134513,55135713,"HiC_scaffold_11:55134513-55135713"
"HiC_scaffold_11",57342181,0.100366,"outlier",57341581,57342781,"HiC_scaffold_11:57341581-57342781"
"HiC_scaffold_11",79985478,0.0965493,"outlier",79984878,79986078,"HiC_scaffold_11:79984878-79986078"
"HiC_scaffold_11",91676928,0.0872828,"outlier",91676328,91677528,"HiC_scaffold_11:91676328-91677528"
"HiC_scaffold_11",94511966,0.0961743,"outlier",94511366,94512566,"HiC_scaffold_11:94511366-94512566"
"HiC_scaffold_11",95113104,0.107809,"outlier",95112504,95113704,"HiC_scaffold_11:95112504-95113704"
"HiC_scaffold_11",106001995,0.0886325,"outlier",106001395,106002595,"HiC_scaffold_11:106001395-106002595"
"HiC_scaffold_11",118251705,0.0923157,"outlier",118251105,118252305,"HiC_scaffold_11:118251105-118252305"
"HiC_scaffold_11",119327318,0.132576,"outlier",119326718,119327918,"HiC_scaffold_11:119326718-119327918"
"HiC_scaffold_11",123878213,0.0926145,"outlier",123877613,123878813,"HiC_scaffold_11:123877613-123878813"
"HiC_scaffold_11",123882778,0.08835,"outlier",123882178,123883378,"HiC_scaffold_11:123882178-123883378"
"HiC_scaffold_11",127708669,0.100509,"outlier",127708069,127709269,"HiC_scaffold_11:127708069-127709269"
"HiC_scaffold_11",127871305,0.113535,"outlier",127870705,127871905,"HiC_scaffold_11:127870705-127871905"
"HiC_scaffold_11",128239945,0.125364,"outlier",128239345,128240545,"HiC_scaffold_11:128239345-128240545"
"HiC_scaffold_11",128259607,0.0894941,"outlier",128259007,128260207,"HiC_scaffold_11:128259007-128260207"
"HiC_scaffold_11",129926494,0.115233,"outlier",129925894,129927094,"HiC_scaffold_11:129925894-129927094"
"HiC_scaffold_11",132316708,0.0872583,"outlier",132316108,132317308,"HiC_scaffold_11:132316108-132317308"
"HiC_scaffold_11",134888500,0.100528,"outlier",134887900,134889100,"HiC_scaffold_11:134887900-134889100"
"HiC_scaffold_11",134924766,0.0989087,"outlier",134924166,134925366,"HiC_scaffold_11:134924166-134925366"
"HiC_scaffold_11",141048566,0.0874579,"outlier",141047966,141049166,"HiC_scaffold_11:141047966-141049166"
"HiC_scaffold_12",48061,0.104984,"outlier",47461,48661,"HiC_scaffold_12:47461-48661"
"HiC_scaffold_12",7549303,0.10937,"outlier",7548703,7549903,"HiC_scaffold_12:7548703-7549903"
"HiC_scaffold_12",15237299,0.158936,"outlier",15236699,15237899,"HiC_scaffold_12:15236699-15237899"
"HiC_scaffold_12",27354638,0.110963,"outlier",27354038,27355238,"HiC_scaffold_12:27354038-27355238"
"HiC_scaffold_12",27975600,0.101147,"outlier",27975000,27976200,"HiC_scaffold_12:27975000-27976200"
"HiC_scaffold_12",40571797,0.111738,"outlier",40571197,40572397,"HiC_scaffold_12:40571197-40572397"
"HiC_scaffold_12",41453500,0.0953724,"outlier",41452900,41454100,"HiC_scaffold_12:41452900-41454100"
"HiC_scaffold_12",45480176,0.183821,"outlier",45479576,45480776,"HiC_scaffold_12:45479576-45480776"
"HiC_scaffold_12",65975119,0.091043,"outlier",65974519,65975719,"HiC_scaffold_12:65974519-65975719"
"HiC_scaffold_12",68915174,0.0916077,"outlier",68914574,68915774,"HiC_scaffold_12:68914574-68915774"
"HiC_scaffold_12",74495470,0.0868871,"outlier",74494870,74496070,"HiC_scaffold_12:74494870-74496070"
"HiC_scaffold_12",86222546,0.0880826,"outlier",86221946,86223146,"HiC_scaffold_12:86221946-86223146"
"HiC_scaffold_12",86596672,0.110853,"outlier",86596072,86597272,"HiC_scaffold_12:86596072-86597272"
"HiC_scaffold_12",98780504,0.145607,"outlier",98779904,98781104,"HiC_scaffold_12:98779904-98781104"
"HiC_scaffold_12",99999268,0.0869579,"outlier",99998668,99999868,"HiC_scaffold_12:99998668-99999868"
"HiC_scaffold_12",100690420,0.102771,"outlier",100689820,100691020,"HiC_scaffold_12:100689820-100691020"
"HiC_scaffold_12",101723946,0.0884317,"outlier",101723346,101724546,"HiC_scaffold_12:101723346-101724546"
"HiC_scaffold_12",101840997,0.0955094,"outlier",101840397,101841597,"HiC_scaffold_12:101840397-101841597"
"HiC_scaffold_12",106694307,0.0889725,"outlier",106693707,106694907,"HiC_scaffold_12:106693707-106694907"
"HiC_scaffold_12",119135903,0.0933267,"outlier",119135303,119136503,"HiC_scaffold_12:119135303-119136503"
"HiC_scaffold_12",131653890,0.0961043,"outlier",131653290,131654490,"HiC_scaffold_12:131653290-131654490"
"HiC_scaffold_12",141449194,0.102299,"outlier",141448594,141449794,"HiC_scaffold_12:141448594-141449794"
"HiC_scaffold_12",145169922,0.100151,"outlier",145169322,145170522,"HiC_scaffold_12:145169322-145170522"
"HiC_scaffold_12",145182736,0.0968303,"outlier",145182136,145183336,"HiC_scaffold_12:145182136-145183336"
"HiC_scaffold_12",154254405,0.112607,"outlier",154253805,154255005,"HiC_scaffold_12:154253805-154255005"
"HiC_scaffold_12",159451295,0.0872583,"outlier",159450695,159451895,"HiC_scaffold_12:159450695-159451895"
"HiC_scaffold_12",165855801,0.120012,"outlier",165855201,165856401,"HiC_scaffold_12:165855201-165856401"
"HiC_scaffold_12",167673858,0.0868871,"outlier",167673258,167674458,"HiC_scaffold_12:167673258-167674458"
"HiC_scaffold_12",172695378,0.115986,"outlier",172694778,172695978,"HiC_scaffold_12:172694778-172695978"
"HiC_scaffold_13",1998643,0.0884317,"outlier",1998043,1999243,"HiC_scaffold_13:1998043-1999243"
"HiC_scaffold_13",2498754,0.131404,"outlier",2498154,2499354,"HiC_scaffold_13:2498154-2499354"
"HiC_scaffold_13",4197423,0.0998741,"outlier",4196823,4198023,"HiC_scaffold_13:4196823-4198023"
"HiC_scaffold_13",6479316,0.0941981,"outlier",6478716,6479916,"HiC_scaffold_13:6478716-6479916"
"HiC_scaffold_13",11051270,0.166421,"outlier",11050670,11051870,"HiC_scaffold_13:11050670-11051870"
"HiC_scaffold_13",12628393,0.121179,"outlier",12627793,12628993,"HiC_scaffold_13:12627793-12628993"
"HiC_scaffold_13",16897380,0.100587,"outlier",16896780,16897980,"HiC_scaffold_13:16896780-16897980"
"HiC_scaffold_13",16897800,0.0886272,"outlier",16897200,16898400,"HiC_scaffold_13:16897200-16898400"
"HiC_scaffold_13",20496174,0.0991528,"outlier",20495574,20496774,"HiC_scaffold_13:20495574-20496774"
"HiC_scaffold_13",23576499,0.136807,"outlier",23575899,23577099,"HiC_scaffold_13:23575899-23577099"
"HiC_scaffold_13",23695662,0.112672,"outlier",23695062,23696262,"HiC_scaffold_13:23695062-23696262"
"HiC_scaffold_13",27512109,0.135671,"outlier",27511509,27512709,"HiC_scaffold_13:27511509-27512709"
"HiC_scaffold_13",28274687,0.13739,"outlier",28274087,28275287,"HiC_scaffold_13:28274087-28275287"
"HiC_scaffold_13",28548937,0.0993592,"outlier",28548337,28549537,"HiC_scaffold_13:28548337-28549537"
"HiC_scaffold_13",31927446,0.0879316,"outlier",31926846,31928046,"HiC_scaffold_13:31926846-31928046"
"HiC_scaffold_13",36343270,0.112698,"outlier",36342670,36343870,"HiC_scaffold_13:36342670-36343870"
"HiC_scaffold_13",37319856,0.0962857,"outlier",37319256,37320456,"HiC_scaffold_13:37319256-37320456"
"HiC_scaffold_13",37560393,0.119557,"outlier",37559793,37560993,"HiC_scaffold_13:37559793-37560993"
"HiC_scaffold_13",38355922,0.132137,"outlier",38355322,38356522,"HiC_scaffold_13:38355322-38356522"
"HiC_scaffold_13",41689665,0.103,"outlier",41689065,41690265,"HiC_scaffold_13:41689065-41690265"
"HiC_scaffold_13",41737690,0.0948587,"outlier",41737090,41738290,"HiC_scaffold_13:41737090-41738290"
"HiC_scaffold_13",43409553,0.103467,"outlier",43408953,43410153,"HiC_scaffold_13:43408953-43410153"
"HiC_scaffold_13",43669049,0.10371,"outlier",43668449,43669649,"HiC_scaffold_13:43668449-43669649"
"HiC_scaffold_13",48779342,0.0868871,"outlier",48778742,48779942,"HiC_scaffold_13:48778742-48779942"
"HiC_scaffold_13",55589455,0.154762,"outlier",55588855,55590055,"HiC_scaffold_13:55588855-55590055"
"HiC_scaffold_13",63854731,0.0965493,"outlier",63854131,63855331,"HiC_scaffold_13:63854131-63855331"
"HiC_scaffold_13",66493598,0.0897514,"outlier",66492998,66494198,"HiC_scaffold_13:66492998-66494198"
"HiC_scaffold_13",71908812,0.104776,"outlier",71908212,71909412,"HiC_scaffold_13:71908212-71909412"
"HiC_scaffold_13",75720687,0.08796,"outlier",75720087,75721287,"HiC_scaffold_13:75720087-75721287"
"HiC_scaffold_13",82169217,0.101985,"outlier",82168617,82169817,"HiC_scaffold_13:82168617-82169817"
"HiC_scaffold_13",91987721,0.0945497,"outlier",91987121,91988321,"HiC_scaffold_13:91987121-91988321"
"HiC_scaffold_13",92580667,0.116947,"outlier",92580067,92581267,"HiC_scaffold_13:92580067-92581267"
"HiC_scaffold_13",101627459,0.110862,"outlier",101626859,101628059,"HiC_scaffold_13:101626859-101628059"
"HiC_scaffold_13",110438730,0.10997,"outlier",110438130,110439330,"HiC_scaffold_13:110438130-110439330"
"HiC_scaffold_13",113095874,0.0925339,"outlier",113095274,113096474,"HiC_scaffold_13:113095274-113096474"
"HiC_scaffold_13",123206580,0.0868871,"outlier",123205980,123207180,"HiC_scaffold_13:123205980-123207180"
"HiC_scaffold_13",140588089,0.110685,"outlier",140587489,140588689,"HiC_scaffold_13:140587489-140588689"
"HiC_scaffold_13",141469816,0.0931074,"outlier",141469216,141470416,"HiC_scaffold_13:141469216-141470416"
"HiC_scaffold_13",147086215,0.111868,"outlier",147085615,147086815,"HiC_scaffold_13:147085615-147086815"
"HiC_scaffold_13",152147754,0.0974719,"outlier",152147154,152148354,"HiC_scaffold_13:152147154-152148354"
"HiC_scaffold_13",152323229,0.104657,"outlier",152322629,152323829,"HiC_scaffold_13:152322629-152323829"
"HiC_scaffold_14",1174249,0.142954,"outlier",1173649,1174849,"HiC_scaffold_14:1173649-1174849"
"HiC_scaffold_14",8262072,0.0901075,"outlier",8261472,8262672,"HiC_scaffold_14:8261472-8262672"
"HiC_scaffold_14",15481757,0.0919613,"outlier",15481157,15482357,"HiC_scaffold_14:15481157-15482357"
"HiC_scaffold_14",16694222,0.0922964,"outlier",16693622,16694822,"HiC_scaffold_14:16693622-16694822"
"HiC_scaffold_14",27824714,0.0919024,"outlier",27824114,27825314,"HiC_scaffold_14:27824114-27825314"
"HiC_scaffold_14",41009010,0.0925339,"outlier",41008410,41009610,"HiC_scaffold_14:41008410-41009610"
"HiC_scaffold_14",41543072,0.105624,"outlier",41542472,41543672,"HiC_scaffold_14:41542472-41543672"
"HiC_scaffold_14",43506815,0.0897514,"outlier",43506215,43507415,"HiC_scaffold_14:43506215-43507415"
"HiC_scaffold_14",45106546,0.108355,"outlier",45105946,45107146,"HiC_scaffold_14:45105946-45107146"
"HiC_scaffold_14",51532491,0.0885894,"outlier",51531891,51533091,"HiC_scaffold_14:51531891-51533091"
"HiC_scaffold_14",56594073,0.103194,"outlier",56593473,56594673,"HiC_scaffold_14:56593473-56594673"
"HiC_scaffold_14",62180111,0.110528,"outlier",62179511,62180711,"HiC_scaffold_14:62179511-62180711"
"HiC_scaffold_14",63896038,0.0907871,"outlier",63895438,63896638,"HiC_scaffold_14:63895438-63896638"
"HiC_scaffold_14",80044764,0.112425,"outlier",80044164,80045364,"HiC_scaffold_14:80044164-80045364"
"HiC_scaffold_14",81722942,0.10016,"outlier",81722342,81723542,"HiC_scaffold_14:81722342-81723542"
"HiC_scaffold_14",97659135,0.100243,"outlier",97658535,97659735,"HiC_scaffold_14:97658535-97659735"
"HiC_scaffold_14",100177079,0.0906087,"outlier",100176479,100177679,"HiC_scaffold_14:100176479-100177679"
"HiC_scaffold_14",106777987,0.0946413,"outlier",106777387,106778587,"HiC_scaffold_14:106777387-106778587"
"HiC_scaffold_14",109399504,0.176115,"outlier",109398904,109400104,"HiC_scaffold_14:109398904-109400104"
"HiC_scaffold_14",109862321,0.0932336,"outlier",109861721,109862921,"HiC_scaffold_14:109861721-109862921"
"HiC_scaffold_14",113091964,0.11899,"outlier",113091364,113092564,"HiC_scaffold_14:113091364-113092564"
"HiC_scaffold_14",113795127,0.0901515,"outlier",113794527,113795727,"HiC_scaffold_14:113794527-113795727"
"HiC_scaffold_14",118433163,0.0971984,"outlier",118432563,118433763,"HiC_scaffold_14:118432563-118433763"
"HiC_scaffold_14",120076761,0.0993592,"outlier",120076161,120077361,"HiC_scaffold_14:120076161-120077361"
"HiC_scaffold_14",120949909,0.117394,"outlier",120949309,120950509,"HiC_scaffold_14:120949309-120950509"
"HiC_scaffold_14",120996961,0.0922121,"outlier",120996361,120997561,"HiC_scaffold_14:120996361-120997561"
"HiC_scaffold_14",121215543,0.0878494,"outlier",121214943,121216143,"HiC_scaffold_14:121214943-121216143"
"HiC_scaffold_14",123093335,0.0876158,"outlier",123092735,123093935,"HiC_scaffold_14:123092735-123093935"
"HiC_scaffold_14",123589491,0.0981099,"outlier",123588891,123590091,"HiC_scaffold_14:123588891-123590091"
"HiC_scaffold_14",126311444,0.0965493,"outlier",126310844,126312044,"HiC_scaffold_14:126310844-126312044"
"HiC_scaffold_14",133004029,0.0932164,"outlier",133003429,133004629,"HiC_scaffold_14:133003429-133004629"
"HiC_scaffold_14",133116332,0.118775,"outlier",133115732,133116932,"HiC_scaffold_14:133115732-133116932"
"HiC_scaffold_14",134176004,0.12165,"outlier",134175404,134176604,"HiC_scaffold_14:134175404-134176604"
"HiC_scaffold_14",135914764,0.094526,"outlier",135914164,135915364,"HiC_scaffold_14:135914164-135915364"
"HiC_scaffold_14",135918421,0.0881446,"outlier",135917821,135919021,"HiC_scaffold_14:135917821-135919021"
"HiC_scaffold_14",140501553,0.0871136,"outlier",140500953,140502153,"HiC_scaffold_14:140500953-140502153"
"HiC_scaffold_14",142273244,0.0872583,"outlier",142272644,142273844,"HiC_scaffold_14:142272644-142273844"
"HiC_scaffold_16",409259,0.0949887,"outlier",408659,409859,"HiC_scaffold_16:408659-409859"
"HiC_scaffold_16",1532529,0.096352,"outlier",1531929,1533129,"HiC_scaffold_16:1531929-1533129"
"HiC_scaffold_16",3984601,0.0907871,"outlier",3984001,3985201,"HiC_scaffold_16:3984001-3985201"
"HiC_scaffold_16",6560536,0.100002,"outlier",6559936,6561136,"HiC_scaffold_16:6559936-6561136"
"HiC_scaffold_16",10465879,0.0889725,"outlier",10465279,10466479,"HiC_scaffold_16:10465279-10466479"
"HiC_scaffold_16",11560924,0.0889725,"outlier",11560324,11561524,"HiC_scaffold_16:11560324-11561524"
"HiC_scaffold_16",44866492,0.0957027,"outlier",44865892,44867092,"HiC_scaffold_16:44865892-44867092"
"HiC_scaffold_16",47170235,0.133157,"outlier",47169635,47170835,"HiC_scaffold_16:47169635-47170835"
"HiC_scaffold_16",47493374,0.090662,"outlier",47492774,47493974,"HiC_scaffold_16:47492774-47493974"
"HiC_scaffold_16",48049693,0.0943998,"outlier",48049093,48050293,"HiC_scaffold_16:48049093-48050293"
"HiC_scaffold_16",48612466,0.0991057,"outlier",48611866,48613066,"HiC_scaffold_16:48611866-48613066"
"HiC_scaffold_16",54563767,0.123736,"outlier",54563167,54564367,"HiC_scaffold_16:54563167-54564367"
"HiC_scaffold_16",60519501,0.099437,"outlier",60518901,60520101,"HiC_scaffold_16:60518901-60520101"
"HiC_scaffold_16",62352992,0.0900066,"outlier",62352392,62353592,"HiC_scaffold_16:62352392-62353592"
"HiC_scaffold_16",70199264,0.0928633,"outlier",70198664,70199864,"HiC_scaffold_16:70198664-70199864"
"HiC_scaffold_16",70600320,0.0885785,"outlier",70599720,70600920,"HiC_scaffold_16:70599720-70600920"
"HiC_scaffold_16",72709526,0.107791,"outlier",72708926,72710126,"HiC_scaffold_16:72708926-72710126"
"HiC_scaffold_16",81069351,0.0871801,"outlier",81068751,81069951,"HiC_scaffold_16:81068751-81069951"
"HiC_scaffold_16",88326297,0.0907958,"outlier",88325697,88326897,"HiC_scaffold_16:88325697-88326897"
"HiC_scaffold_16",89492843,0.0889725,"outlier",89492243,89493443,"HiC_scaffold_16:89492243-89493443"
"HiC_scaffold_16",93344964,0.120936,"outlier",93344364,93345564,"HiC_scaffold_16:93344364-93345564"
"HiC_scaffold_16",94197705,0.108538,"outlier",94197105,94198305,"HiC_scaffold_16:94197105-94198305"
"HiC_scaffold_16",95641788,0.0868871,"outlier",95641188,95642388,"HiC_scaffold_16:95641188-95642388"
"HiC_scaffold_16",104935438,0.103348,"outlier",104934838,104936038,"HiC_scaffold_16:104934838-104936038"
"HiC_scaffold_16",105108566,0.110517,"outlier",105107966,105109166,"HiC_scaffold_16:105107966-105109166"
"HiC_scaffold_16",105224976,0.103765,"outlier",105224376,105225576,"HiC_scaffold_16:105224376-105225576"
"HiC_scaffold_16",106040952,0.112133,"outlier",106040352,106041552,"HiC_scaffold_16:106040352-106041552"
"HiC_scaffold_16",113385358,0.0868871,"outlier",113384758,113385958,"HiC_scaffold_16:113384758-113385958"
"HiC_scaffold_16",117177483,0.097246,"outlier",117176883,117178083,"HiC_scaffold_16:117176883-117178083"
"HiC_scaffold_16",121946785,0.0890986,"outlier",121946185,121947385,"HiC_scaffold_16:121946185-121947385"
"HiC_scaffold_16",129915252,0.0897851,"outlier",129914652,129915852,"HiC_scaffold_16:129914652-129915852"
"HiC_scaffold_16",138049617,0.113025,"outlier",138049017,138050217,"HiC_scaffold_16:138049017-138050217"
"HiC_scaffold_16",152587160,0.0925339,"outlier",152586560,152587760,"HiC_scaffold_16:152586560-152587760"
"HiC_scaffold_16",171837644,0.0905086,"outlier",171837044,171838244,"HiC_scaffold_16:171837044-171838244"
"HiC_scaffold_16",177072794,0.0920754,"outlier",177072194,177073394,"HiC_scaffold_16:177072194-177073394"
"HiC_scaffold_16",183231232,0.094112,"outlier",183230632,183231832,"HiC_scaffold_16:183230632-183231832"
"HiC_scaffold_16",186906503,0.160324,"outlier",186905903,186907103,"HiC_scaffold_16:186905903-186907103"
"HiC_scaffold_16",186924529,0.117025,"outlier",186923929,186925129,"HiC_scaffold_16:186923929-186925129"
"HiC_scaffold_16",188948629,0.114483,"outlier",188948029,188949229,"HiC_scaffold_16:188948029-188949229"
"HiC_scaffold_16",191094115,0.119326,"outlier",191093515,191094715,"HiC_scaffold_16:191093515-191094715"
"HiC_scaffold_16",197179451,0.0872053,"outlier",197178851,197180051,"HiC_scaffold_16:197178851-197180051"
"HiC_scaffold_16",199028237,0.0879316,"outlier",199027637,199028837,"HiC_scaffold_16:199027637-199028837"
