"CHROM","POS","WEIR_AND_COCKERHAM_FST","outlier.10","outlier.sd","minbp","maxbp","flank"
"HiC_scaffold_1",766414,0.107629,"outlier","outlier",765814,767014,"HiC_scaffold_1:765814-767014"
"HiC_scaffold_1",8050794,0.112599,"outlier","outlier",8050194,8051394,"HiC_scaffold_1:8050194-8051394"
"HiC_scaffold_1",9114510,0.0980803,"outlier","outlier",9113910,9115110,"HiC_scaffold_1:9113910-9115110"
"HiC_scaffold_1",16111324,0.0960032,"outlier","outlier",16110724,16111924,"HiC_scaffold_1:16110724-16111924"
"HiC_scaffold_1",16276108,0.0925532,"outlier","outlier",16275508,16276708,"HiC_scaffold_1:16275508-16276708"
"HiC_scaffold_1",17086446,0.110056,"outlier","outlier",17085846,17087046,"HiC_scaffold_1:17085846-17087046"
"HiC_scaffold_1",18341548,0.0968088,"outlier","outlier",18340948,18342148,"HiC_scaffold_1:18340948-18342148"
"HiC_scaffold_1",19974246,0.106334,"outlier","outlier",19973646,19974846,"HiC_scaffold_1:19973646-19974846"
"HiC_scaffold_1",23291777,0.0998461,"outlier","outlier",23291177,23292377,"HiC_scaffold_1:23291177-23292377"
"HiC_scaffold_1",41356230,0.0928734,"outlier","outlier",41355630,41356830,"HiC_scaffold_1:41355630-41356830"
"HiC_scaffold_1",43747556,0.0936875,"outlier","outlier",43746956,43748156,"HiC_scaffold_1:43746956-43748156"
"HiC_scaffold_1",44532621,0.0951138,"outlier","outlier",44532021,44533221,"HiC_scaffold_1:44532021-44533221"
"HiC_scaffold_1",45107502,0.0915122,"outlier","outlier",45106902,45108102,"HiC_scaffold_1:45106902-45108102"
"HiC_scaffold_1",52930747,0.12255,"outlier","outlier",52930147,52931347,"HiC_scaffold_1:52930147-52931347"
"HiC_scaffold_1",59385186,0.105917,"outlier","outlier",59384586,59385786,"HiC_scaffold_1:59384586-59385786"
"HiC_scaffold_1",76136050,0.136952,"outlier","outlier",76135450,76136650,"HiC_scaffold_1:76135450-76136650"
"HiC_scaffold_1",83918082,0.0934207,"outlier","outlier",83917482,83918682,"HiC_scaffold_1:83917482-83918682"
"HiC_scaffold_1",89616215,0.0979635,"outlier","outlier",89615615,89616815,"HiC_scaffold_1:89615615-89616815"
"HiC_scaffold_1",89704652,0.129618,"outlier","outlier",89704052,89705252,"HiC_scaffold_1:89704052-89705252"
"HiC_scaffold_1",92071191,0.101358,"outlier","outlier",92070591,92071791,"HiC_scaffold_1:92070591-92071791"
"HiC_scaffold_1",96010586,0.100055,"outlier","outlier",96009986,96011186,"HiC_scaffold_1:96009986-96011186"
"HiC_scaffold_1",97115658,0.11156,"outlier","outlier",97115058,97116258,"HiC_scaffold_1:97115058-97116258"
"HiC_scaffold_1",103090213,0.0920563,"outlier","outlier",103089613,103090813,"HiC_scaffold_1:103089613-103090813"
"HiC_scaffold_1",113754986,0.0939322,"outlier","outlier",113754386,113755586,"HiC_scaffold_1:113754386-113755586"
"HiC_scaffold_1",119785527,0.107783,"outlier","outlier",119784927,119786127,"HiC_scaffold_1:119784927-119786127"
"HiC_scaffold_1",120816169,0.0963995,"outlier","outlier",120815569,120816769,"HiC_scaffold_1:120815569-120816769"
"HiC_scaffold_1",121040678,0.10763,"outlier","outlier",121040078,121041278,"HiC_scaffold_1:121040078-121041278"
"HiC_scaffold_1",124345846,0.136821,"outlier","outlier",124345246,124346446,"HiC_scaffold_1:124345246-124346446"
"HiC_scaffold_1",131906546,0.0906525,"outlier","outlier",131905946,131907146,"HiC_scaffold_1:131905946-131907146"
"HiC_scaffold_1",140078099,0.0912904,"outlier","outlier",140077499,140078699,"HiC_scaffold_1:140077499-140078699"
"HiC_scaffold_1",141247052,0.0980803,"outlier","outlier",141246452,141247652,"HiC_scaffold_1:141246452-141247652"
"HiC_scaffold_1",143467591,0.0947592,"outlier","outlier",143466991,143468191,"HiC_scaffold_1:143466991-143468191"
"HiC_scaffold_1",145281954,0.142305,"outlier","outlier",145281354,145282554,"HiC_scaffold_1:145281354-145282554"
"HiC_scaffold_1",146217586,0.157812,"outlier","outlier",146216986,146218186,"HiC_scaffold_1:146216986-146218186"
"HiC_scaffold_1",152836197,0.0925532,"outlier","outlier",152835597,152836797,"HiC_scaffold_1:152835597-152836797"
"HiC_scaffold_1",155917702,0.0932304,"outlier","outlier",155917102,155918302,"HiC_scaffold_1:155917102-155918302"
"HiC_scaffold_1",160228707,0.118929,"outlier","outlier",160228107,160229307,"HiC_scaffold_1:160228107-160229307"
"HiC_scaffold_1",161620960,0.142414,"outlier","outlier",161620360,161621560,"HiC_scaffold_1:161620360-161621560"
"HiC_scaffold_1",161873976,0.107353,"outlier","outlier",161873376,161874576,"HiC_scaffold_1:161873376-161874576"
"HiC_scaffold_1",163238339,0.124287,"outlier","outlier",163237739,163238939,"HiC_scaffold_1:163237739-163238939"
"HiC_scaffold_1",163318778,0.0913304,"outlier","outlier",163318178,163319378,"HiC_scaffold_1:163318178-163319378"
"HiC_scaffold_1",171197912,0.111558,"outlier","outlier",171197312,171198512,"HiC_scaffold_1:171197312-171198512"
"HiC_scaffold_1",174136463,0.0920273,"outlier","outlier",174135863,174137063,"HiC_scaffold_1:174135863-174137063"
"HiC_scaffold_1",176688956,0.0934414,"outlier","outlier",176688356,176689556,"HiC_scaffold_1:176688356-176689556"
"HiC_scaffold_1",177017258,0.0960032,"outlier","outlier",177016658,177017858,"HiC_scaffold_1:177016658-177017858"
"HiC_scaffold_1",177748118,0.107783,"outlier","outlier",177747518,177748718,"HiC_scaffold_1:177747518-177748718"
"HiC_scaffold_1",177994071,0.0960032,"outlier","outlier",177993471,177994671,"HiC_scaffold_1:177993471-177994671"
"HiC_scaffold_1",184290179,0.125542,"outlier","outlier",184289579,184290779,"HiC_scaffold_1:184289579-184290779"
"HiC_scaffold_1",185824596,0.120246,"outlier","outlier",185823996,185825196,"HiC_scaffold_1:185823996-185825196"
"HiC_scaffold_1",185972453,0.112277,"outlier","outlier",185971853,185973053,"HiC_scaffold_1:185971853-185973053"
"HiC_scaffold_1",186435518,0.12782,"outlier","outlier",186434918,186436118,"HiC_scaffold_1:186434918-186436118"
"HiC_scaffold_1",186835011,0.0932304,"outlier","outlier",186834411,186835611,"HiC_scaffold_1:186834411-186835611"
"HiC_scaffold_2",902683,0.104325,"outlier","outlier",902083,903283,"HiC_scaffold_2:902083-903283"
"HiC_scaffold_2",4258623,0.142781,"outlier","outlier",4258023,4259223,"HiC_scaffold_2:4258023-4259223"
"HiC_scaffold_2",5514319,0.104101,"outlier","outlier",5513719,5514919,"HiC_scaffold_2:5513719-5514919"
"HiC_scaffold_2",13129988,0.0906525,"outlier","outlier",13129388,13130588,"HiC_scaffold_2:13129388-13130588"
"HiC_scaffold_2",16618061,0.11388,"outlier","outlier",16617461,16618661,"HiC_scaffold_2:16617461-16618661"
"HiC_scaffold_2",22887461,0.120482,"outlier","outlier",22886861,22888061,"HiC_scaffold_2:22886861-22888061"
"HiC_scaffold_2",23206874,0.106296,"outlier","outlier",23206274,23207474,"HiC_scaffold_2:23206274-23207474"
"HiC_scaffold_2",26897297,0.140662,"outlier","outlier",26896697,26897897,"HiC_scaffold_2:26896697-26897897"
"HiC_scaffold_2",34149996,0.0912831,"outlier","outlier",34149396,34150596,"HiC_scaffold_2:34149396-34150596"
"HiC_scaffold_2",36382381,0.0905976,"outlier","outlier",36381781,36382981,"HiC_scaffold_2:36381781-36382981"
"HiC_scaffold_2",51220036,0.10373,"outlier","outlier",51219436,51220636,"HiC_scaffold_2:51219436-51220636"
"HiC_scaffold_2",54072459,0.0908368,"outlier","outlier",54071859,54073059,"HiC_scaffold_2:54071859-54073059"
"HiC_scaffold_2",54997927,0.0951128,"outlier","outlier",54997327,54998527,"HiC_scaffold_2:54997327-54998527"
"HiC_scaffold_2",58734420,0.107533,"outlier","outlier",58733820,58735020,"HiC_scaffold_2:58733820-58735020"
"HiC_scaffold_2",60292559,0.0950579,"outlier","outlier",60291959,60293159,"HiC_scaffold_2:60291959-60293159"
"HiC_scaffold_2",63815279,0.0955995,"outlier","outlier",63814679,63815879,"HiC_scaffold_2:63814679-63815879"
"HiC_scaffold_2",69598185,0.136821,"outlier","outlier",69597585,69598785,"HiC_scaffold_2:69597585-69598785"
"HiC_scaffold_2",70095346,0.0920341,"outlier","outlier",70094746,70095946,"HiC_scaffold_2:70094746-70095946"
"HiC_scaffold_2",71336246,0.113485,"outlier","outlier",71335646,71336846,"HiC_scaffold_2:71335646-71336846"
"HiC_scaffold_2",71639485,0.0911527,"outlier","outlier",71638885,71640085,"HiC_scaffold_2:71638885-71640085"
"HiC_scaffold_2",72343457,0.0916028,"outlier","outlier",72342857,72344057,"HiC_scaffold_2:72342857-72344057"
"HiC_scaffold_2",72487996,0.11156,"outlier","outlier",72487396,72488596,"HiC_scaffold_2:72487396-72488596"
"HiC_scaffold_2",74372018,0.15307,"outlier","outlier",74371418,74372618,"HiC_scaffold_2:74371418-74372618"
"HiC_scaffold_2",82079087,0.0939322,"outlier","outlier",82078487,82079687,"HiC_scaffold_2:82078487-82079687"
"HiC_scaffold_2",83700144,0.193687,"outlier","outlier",83699544,83700744,"HiC_scaffold_2:83699544-83700744"
"HiC_scaffold_2",84502532,0.137881,"outlier","outlier",84501932,84503132,"HiC_scaffold_2:84501932-84503132"
"HiC_scaffold_2",85913183,0.115152,"outlier","outlier",85912583,85913783,"HiC_scaffold_2:85912583-85913783"
"HiC_scaffold_2",86556264,0.097613,"outlier","outlier",86555664,86556864,"HiC_scaffold_2:86555664-86556864"
"HiC_scaffold_2",87527746,0.15361,"outlier","outlier",87527146,87528346,"HiC_scaffold_2:87527146-87528346"
"HiC_scaffold_2",89017915,0.177586,"outlier","outlier",89017315,89018515,"HiC_scaffold_2:89017315-89018515"
"HiC_scaffold_2",93000125,0.0909343,"outlier","outlier",92999525,93000725,"HiC_scaffold_2:92999525-93000725"
"HiC_scaffold_2",94122601,0.114968,"outlier","outlier",94122001,94123201,"HiC_scaffold_2:94122001-94123201"
"HiC_scaffold_2",95161654,0.117788,"outlier","outlier",95161054,95162254,"HiC_scaffold_2:95161054-95162254"
"HiC_scaffold_2",95273983,0.116314,"outlier","outlier",95273383,95274583,"HiC_scaffold_2:95273383-95274583"
"HiC_scaffold_2",98064113,0.0986287,"outlier","outlier",98063513,98064713,"HiC_scaffold_2:98063513-98064713"
"HiC_scaffold_2",98188802,0.103796,"outlier","outlier",98188202,98189402,"HiC_scaffold_2:98188202-98189402"
"HiC_scaffold_2",98700963,0.0922622,"outlier","outlier",98700363,98701563,"HiC_scaffold_2:98700363-98701563"
"HiC_scaffold_2",99139753,0.0918072,"outlier","outlier",99139153,99140353,"HiC_scaffold_2:99139153-99140353"
"HiC_scaffold_2",106810274,0.112244,"outlier","outlier",106809674,106810874,"HiC_scaffold_2:106809674-106810874"
"HiC_scaffold_2",109476545,0.094858,"outlier","outlier",109475945,109477145,"HiC_scaffold_2:109475945-109477145"
"HiC_scaffold_2",116803494,0.0932304,"outlier","outlier",116802894,116804094,"HiC_scaffold_2:116802894-116804094"
"HiC_scaffold_2",116904202,0.12143,"outlier","outlier",116903602,116904802,"HiC_scaffold_2:116903602-116904802"
"HiC_scaffold_2",117757213,0.0981124,"outlier","outlier",117756613,117757813,"HiC_scaffold_2:117756613-117757813"
"HiC_scaffold_2",118783634,0.0940592,"outlier","outlier",118783034,118784234,"HiC_scaffold_2:118783034-118784234"
"HiC_scaffold_2",121289313,0.238073,"outlier","outlier",121288713,121289913,"HiC_scaffold_2:121288713-121289913"
"HiC_scaffold_2",123343978,0.101763,"outlier","outlier",123343378,123344578,"HiC_scaffold_2:123343378-123344578"
"HiC_scaffold_2",124634284,0.112885,"outlier","outlier",124633684,124634884,"HiC_scaffold_2:124633684-124634884"
"HiC_scaffold_2",139664143,0.111046,"outlier","outlier",139663543,139664743,"HiC_scaffold_2:139663543-139664743"
"HiC_scaffold_2",141294714,0.11932,"outlier","outlier",141294114,141295314,"HiC_scaffold_2:141294114-141295314"
"HiC_scaffold_2",146594995,0.126941,"outlier","outlier",146594395,146595595,"HiC_scaffold_2:146594395-146595595"
"HiC_scaffold_2",148806160,0.0951128,"outlier","outlier",148805560,148806760,"HiC_scaffold_2:148805560-148806760"
"HiC_scaffold_2",150038180,0.0951128,"outlier","outlier",150037580,150038780,"HiC_scaffold_2:150037580-150038780"
"HiC_scaffold_2",169663304,0.108211,"outlier","outlier",169662704,169663904,"HiC_scaffold_2:169662704-169663904"
"HiC_scaffold_2",169701928,0.0937131,"outlier","outlier",169701328,169702528,"HiC_scaffold_2:169701328-169702528"
"HiC_scaffold_2",178510961,0.0959959,"outlier","outlier",178510361,178511561,"HiC_scaffold_2:178510361-178511561"
"HiC_scaffold_2",183185632,0.0923682,"outlier","outlier",183185032,183186232,"HiC_scaffold_2:183185032-183186232"
"HiC_scaffold_2",183951972,0.093926,"outlier","outlier",183951372,183952572,"HiC_scaffold_2:183951372-183952572"
"HiC_scaffold_2",184258700,0.0906805,"outlier","outlier",184258100,184259300,"HiC_scaffold_2:184258100-184259300"
"HiC_scaffold_2",185370558,0.10373,"outlier","outlier",185369958,185371158,"HiC_scaffold_2:185369958-185371158"
"HiC_scaffold_2",186721007,0.11388,"outlier","outlier",186720407,186721607,"HiC_scaffold_2:186720407-186721607"
"HiC_scaffold_2",187227609,0.113857,"outlier","outlier",187227009,187228209,"HiC_scaffold_2:187227009-187228209"
"HiC_scaffold_2",188550917,0.11047,"outlier","outlier",188550317,188551517,"HiC_scaffold_2:188550317-188551517"
"HiC_scaffold_2",192840356,0.15821,"outlier","outlier",192839756,192840956,"HiC_scaffold_2:192839756-192840956"
"HiC_scaffold_2",197431970,0.0920273,"outlier","outlier",197431370,197432570,"HiC_scaffold_2:197431370-197432570"
"HiC_scaffold_2",197501318,0.0907085,"outlier","outlier",197500718,197501918,"HiC_scaffold_2:197500718-197501918"
"HiC_scaffold_2",200033746,0.115152,"outlier","outlier",200033146,200034346,"HiC_scaffold_2:200033146-200034346"
"HiC_scaffold_2",206350185,0.0985556,"outlier","outlier",206349585,206350785,"HiC_scaffold_2:206349585-206350785"
"HiC_scaffold_3",1829845,0.0945662,"outlier","outlier",1829245,1830445,"HiC_scaffold_3:1829245-1830445"
"HiC_scaffold_3",2173689,0.104824,"outlier","outlier",2173089,2174289,"HiC_scaffold_3:2173089-2174289"
"HiC_scaffold_3",2411468,0.155678,"outlier","outlier",2410868,2412068,"HiC_scaffold_3:2410868-2412068"
"HiC_scaffold_3",2773033,0.126984,"outlier","outlier",2772433,2773633,"HiC_scaffold_3:2772433-2773633"
"HiC_scaffold_3",3135092,0.150416,"outlier","outlier",3134492,3135692,"HiC_scaffold_3:3134492-3135692"
"HiC_scaffold_3",12437736,0.115603,"outlier","outlier",12437136,12438336,"HiC_scaffold_3:12437136-12438336"
"HiC_scaffold_3",15268883,0.118983,"outlier","outlier",15268283,15269483,"HiC_scaffold_3:15268283-15269483"
"HiC_scaffold_3",15357969,0.0910571,"outlier","outlier",15357369,15358569,"HiC_scaffold_3:15357369-15358569"
"HiC_scaffold_3",15538057,0.0936875,"outlier","outlier",15537457,15538657,"HiC_scaffold_3:15537457-15538657"
"HiC_scaffold_3",16172933,0.112631,"outlier","outlier",16172333,16173533,"HiC_scaffold_3:16172333-16173533"
"HiC_scaffold_3",20320537,0.0930806,"outlier","outlier",20319937,20321137,"HiC_scaffold_3:20319937-20321137"
"HiC_scaffold_3",20546846,0.0948625,"outlier","outlier",20546246,20547446,"HiC_scaffold_3:20546246-20547446"
"HiC_scaffold_3",23689112,0.132188,"outlier","outlier",23688512,23689712,"HiC_scaffold_3:23688512-23689712"
"HiC_scaffold_3",26193526,0.10863,"outlier","outlier",26192926,26194126,"HiC_scaffold_3:26192926-26194126"
"HiC_scaffold_3",30104074,0.0937581,"outlier","outlier",30103474,30104674,"HiC_scaffold_3:30103474-30104674"
"HiC_scaffold_3",35033847,0.107535,"outlier","outlier",35033247,35034447,"HiC_scaffold_3:35033247-35034447"
"HiC_scaffold_3",36097569,0.123692,"outlier","outlier",36096969,36098169,"HiC_scaffold_3:36096969-36098169"
"HiC_scaffold_3",42917854,0.128881,"outlier","outlier",42917254,42918454,"HiC_scaffold_3:42917254-42918454"
"HiC_scaffold_3",43485489,0.100519,"outlier","outlier",43484889,43486089,"HiC_scaffold_3:43484889-43486089"
"HiC_scaffold_3",46100382,0.0930635,"outlier","outlier",46099782,46100982,"HiC_scaffold_3:46099782-46100982"
"HiC_scaffold_3",46465446,0.11265,"outlier","outlier",46464846,46466046,"HiC_scaffold_3:46464846-46466046"
"HiC_scaffold_3",48834431,0.100988,"outlier","outlier",48833831,48835031,"HiC_scaffold_3:48833831-48835031"
"HiC_scaffold_3",54241720,0.119751,"outlier","outlier",54241120,54242320,"HiC_scaffold_3:54241120-54242320"
"HiC_scaffold_3",57386444,0.0925495,"outlier","outlier",57385844,57387044,"HiC_scaffold_3:57385844-57387044"
"HiC_scaffold_3",72408817,0.10236,"outlier","outlier",72408217,72409417,"HiC_scaffold_3:72408217-72409417"
"HiC_scaffold_3",75149504,0.119458,"outlier","outlier",75148904,75150104,"HiC_scaffold_3:75148904-75150104"
"HiC_scaffold_3",77621778,0.094858,"outlier","outlier",77621178,77622378,"HiC_scaffold_3:77621178-77622378"
"HiC_scaffold_3",78053550,0.101763,"outlier","outlier",78052950,78054150,"HiC_scaffold_3:78052950-78054150"
"HiC_scaffold_3",80196580,0.125179,"outlier","outlier",80195980,80197180,"HiC_scaffold_3:80195980-80197180"
"HiC_scaffold_3",83184128,0.0939322,"outlier","outlier",83183528,83184728,"HiC_scaffold_3:83183528-83184728"
"HiC_scaffold_3",99947869,0.130414,"outlier","outlier",99947269,99948469,"HiC_scaffold_3:99947269-99948469"
"HiC_scaffold_3",100218721,0.101763,"outlier","outlier",100218121,100219321,"HiC_scaffold_3:100218121-100219321"
"HiC_scaffold_3",102606999,0.104008,"outlier","outlier",102606399,102607599,"HiC_scaffold_3:102606399-102607599"
"HiC_scaffold_3",106057544,0.100861,"outlier","outlier",106056944,106058144,"HiC_scaffold_3:106056944-106058144"
"HiC_scaffold_3",115144034,0.117485,"outlier","outlier",115143434,115144634,"HiC_scaffold_3:115143434-115144634"
"HiC_scaffold_3",127217223,0.109402,"outlier","outlier",127216623,127217823,"HiC_scaffold_3:127216623-127217823"
"HiC_scaffold_3",127467329,0.120107,"outlier","outlier",127466729,127467929,"HiC_scaffold_3:127466729-127467929"
"HiC_scaffold_3",127531350,0.127991,"outlier","outlier",127530750,127531950,"HiC_scaffold_3:127530750-127531950"
"HiC_scaffold_3",128536987,0.093339,"outlier","outlier",128536387,128537587,"HiC_scaffold_3:128536387-128537587"
"HiC_scaffold_3",130849719,0.102442,"outlier","outlier",130849119,130850319,"HiC_scaffold_3:130849119-130850319"
"HiC_scaffold_3",131653746,0.120825,"outlier","outlier",131653146,131654346,"HiC_scaffold_3:131653146-131654346"
"HiC_scaffold_3",134094893,0.0943994,"outlier","outlier",134094293,134095493,"HiC_scaffold_3:134094293-134095493"
"HiC_scaffold_3",134360930,0.126499,"outlier","outlier",134360330,134361530,"HiC_scaffold_3:134360330-134361530"
"HiC_scaffold_3",136367301,0.100458,"outlier","outlier",136366701,136367901,"HiC_scaffold_3:136366701-136367901"
"HiC_scaffold_3",147045108,0.117523,"outlier","outlier",147044508,147045708,"HiC_scaffold_3:147044508-147045708"
"HiC_scaffold_3",152741538,0.0937131,"outlier","outlier",152740938,152742138,"HiC_scaffold_3:152740938-152742138"
"HiC_scaffold_3",163928715,0.127471,"outlier","outlier",163928115,163929315,"HiC_scaffold_3:163928115-163929315"
"HiC_scaffold_3",176455101,0.0973027,"outlier","outlier",176454501,176455701,"HiC_scaffold_3:176454501-176455701"
"HiC_scaffold_3",182013137,0.114294,"outlier","outlier",182012537,182013737,"HiC_scaffold_3:182012537-182013737"
"HiC_scaffold_3",182024500,0.100055,"outlier","outlier",182023900,182025100,"HiC_scaffold_3:182023900-182025100"
"HiC_scaffold_3",183757172,0.110877,"outlier","outlier",183756572,183757772,"HiC_scaffold_3:183756572-183757772"
"HiC_scaffold_3",184677658,0.108953,"outlier","outlier",184677058,184678258,"HiC_scaffold_3:184677058-184678258"
"HiC_scaffold_4",3276678,0.107256,"outlier","outlier",3276078,3277278,"HiC_scaffold_4:3276078-3277278"
"HiC_scaffold_4",5304222,0.120229,"outlier","outlier",5303622,5304822,"HiC_scaffold_4:5303622-5304822"
"HiC_scaffold_4",5711758,0.100519,"outlier","outlier",5711158,5712358,"HiC_scaffold_4:5711158-5712358"
"HiC_scaffold_4",11574804,0.0931754,"outlier","outlier",11574204,11575404,"HiC_scaffold_4:11574204-11575404"
"HiC_scaffold_4",14245071,0.0936875,"outlier","outlier",14244471,14245671,"HiC_scaffold_4:14244471-14245671"
"HiC_scaffold_4",14396786,0.0960032,"outlier","outlier",14396186,14397386,"HiC_scaffold_4:14396186-14397386"
"HiC_scaffold_4",20610687,0.128662,"outlier","outlier",20610087,20611287,"HiC_scaffold_4:20610087-20611287"
"HiC_scaffold_4",22518018,0.0931707,"outlier","outlier",22517418,22518618,"HiC_scaffold_4:22517418-22518618"
"HiC_scaffold_4",22617812,0.091841,"outlier","outlier",22617212,22618412,"HiC_scaffold_4:22617212-22618412"
"HiC_scaffold_4",31424140,0.108319,"outlier","outlier",31423540,31424740,"HiC_scaffold_4:31423540-31424740"
"HiC_scaffold_4",35070368,0.10081,"outlier","outlier",35069768,35070968,"HiC_scaffold_4:35069768-35070968"
"HiC_scaffold_4",42413364,0.148078,"outlier","outlier",42412764,42413964,"HiC_scaffold_4:42412764-42413964"
"HiC_scaffold_4",48571657,0.0948625,"outlier","outlier",48571057,48572257,"HiC_scaffold_4:48571057-48572257"
"HiC_scaffold_4",76430345,0.136821,"outlier","outlier",76429745,76430945,"HiC_scaffold_4:76429745-76430945"
"HiC_scaffold_4",95979588,0.101798,"outlier","outlier",95978988,95980188,"HiC_scaffold_4:95978988-95980188"
"HiC_scaffold_4",105154539,0.0985195,"outlier","outlier",105153939,105155139,"HiC_scaffold_4:105153939-105155139"
"HiC_scaffold_4",113714314,0.113653,"outlier","outlier",113713714,113714914,"HiC_scaffold_4:113713714-113714914"
"HiC_scaffold_4",114150833,0.0985556,"outlier","outlier",114150233,114151433,"HiC_scaffold_4:114150233-114151433"
"HiC_scaffold_4",117865407,0.112599,"outlier","outlier",117864807,117866007,"HiC_scaffold_4:117864807-117866007"
"HiC_scaffold_4",118697593,0.0931122,"outlier","outlier",118696993,118698193,"HiC_scaffold_4:118696993-118698193"
"HiC_scaffold_4",118887984,0.115216,"outlier","outlier",118887384,118888584,"HiC_scaffold_4:118887384-118888584"
"HiC_scaffold_4",119585660,0.107191,"outlier","outlier",119585060,119586260,"HiC_scaffold_4:119585060-119586260"
"HiC_scaffold_4",127476616,0.0936875,"outlier","outlier",127476016,127477216,"HiC_scaffold_4:127476016-127477216"
"HiC_scaffold_4",128467060,0.107353,"outlier","outlier",128466460,128467660,"HiC_scaffold_4:128466460-128467660"
"HiC_scaffold_4",132604102,0.110878,"outlier","outlier",132603502,132604702,"HiC_scaffold_4:132603502-132604702"
"HiC_scaffold_4",145850491,0.0988452,"outlier","outlier",145849891,145851091,"HiC_scaffold_4:145849891-145851091"
"HiC_scaffold_4",149321344,0.139002,"outlier","outlier",149320744,149321944,"HiC_scaffold_4:149320744-149321944"
"HiC_scaffold_4",156295249,0.102241,"outlier","outlier",156294649,156295849,"HiC_scaffold_4:156294649-156295849"
"HiC_scaffold_4",174117531,0.123067,"outlier","outlier",174116931,174118131,"HiC_scaffold_4:174116931-174118131"
"HiC_scaffold_4",176144009,0.102482,"outlier","outlier",176143409,176144609,"HiC_scaffold_4:176143409-176144609"
"HiC_scaffold_4",182365811,0.100945,"outlier","outlier",182365211,182366411,"HiC_scaffold_4:182365211-182366411"
"HiC_scaffold_4",183194963,0.0975239,"outlier","outlier",183194363,183195563,"HiC_scaffold_4:183194363-183195563"
"HiC_scaffold_4",190295243,0.0910233,"outlier","outlier",190294643,190295843,"HiC_scaffold_4:190294643-190295843"
"HiC_scaffold_4",194423514,0.0951128,"outlier","outlier",194422914,194424114,"HiC_scaffold_4:194422914-194424114"
"HiC_scaffold_4",196698937,0.0980803,"outlier","outlier",196698337,196699537,"HiC_scaffold_4:196698337-196699537"
"HiC_scaffold_4",202117314,0.101763,"outlier","outlier",202116714,202117914,"HiC_scaffold_4:202116714-202117914"
"HiC_scaffold_4",207718626,0.13621,"outlier","outlier",207718026,207719226,"HiC_scaffold_4:207718026-207719226"
"HiC_scaffold_4",209338224,0.100302,"outlier","outlier",209337624,209338824,"HiC_scaffold_4:209337624-209338824"
"HiC_scaffold_4",210322778,0.104973,"outlier","outlier",210322178,210323378,"HiC_scaffold_4:210322178-210323378"
"HiC_scaffold_4",211386029,0.109395,"outlier","outlier",211385429,211386629,"HiC_scaffold_4:211385429-211386629"
"HiC_scaffold_5",1363777,0.094858,"outlier","outlier",1363177,1364377,"HiC_scaffold_5:1363177-1364377"
"HiC_scaffold_5",5867458,0.0925532,"outlier","outlier",5866858,5868058,"HiC_scaffold_5:5866858-5868058"
"HiC_scaffold_5",11887444,0.109419,"outlier","outlier",11886844,11888044,"HiC_scaffold_5:11886844-11888044"
"HiC_scaffold_5",11992277,0.0938896,"outlier","outlier",11991677,11992877,"HiC_scaffold_5:11991677-11992877"
"HiC_scaffold_5",12085532,0.0933885,"outlier","outlier",12084932,12086132,"HiC_scaffold_5:12084932-12086132"
"HiC_scaffold_5",14769326,0.102048,"outlier","outlier",14768726,14769926,"HiC_scaffold_5:14768726-14769926"
"HiC_scaffold_5",19774381,0.13221,"outlier","outlier",19773781,19774981,"HiC_scaffold_5:19773781-19774981"
"HiC_scaffold_5",19844787,0.0934837,"outlier","outlier",19844187,19845387,"HiC_scaffold_5:19844187-19845387"
"HiC_scaffold_5",24528114,0.0932304,"outlier","outlier",24527514,24528714,"HiC_scaffold_5:24527514-24528714"
"HiC_scaffold_5",25589975,0.0929883,"outlier","outlier",25589375,25590575,"HiC_scaffold_5:25589375-25590575"
"HiC_scaffold_5",25640600,0.138579,"outlier","outlier",25640000,25641200,"HiC_scaffold_5:25640000-25641200"
"HiC_scaffold_5",25704208,0.147989,"outlier","outlier",25703608,25704808,"HiC_scaffold_5:25703608-25704808"
"HiC_scaffold_5",31306035,0.130643,"outlier","outlier",31305435,31306635,"HiC_scaffold_5:31305435-31306635"
"HiC_scaffold_5",36987357,0.0951128,"outlier","outlier",36986757,36987957,"HiC_scaffold_5:36986757-36987957"
"HiC_scaffold_5",40570771,0.122837,"outlier","outlier",40570171,40571371,"HiC_scaffold_5:40570171-40571371"
"HiC_scaffold_5",45815461,0.11092,"outlier","outlier",45814861,45816061,"HiC_scaffold_5:45814861-45816061"
"HiC_scaffold_5",49634362,0.13008,"outlier","outlier",49633762,49634962,"HiC_scaffold_5:49633762-49634962"
"HiC_scaffold_5",61946333,0.103274,"outlier","outlier",61945733,61946933,"HiC_scaffold_5:61945733-61946933"
"HiC_scaffold_5",62977102,0.131372,"outlier","outlier",62976502,62977702,"HiC_scaffold_5:62976502-62977702"
"HiC_scaffold_5",69200778,0.103213,"outlier","outlier",69200178,69201378,"HiC_scaffold_5:69200178-69201378"
"HiC_scaffold_5",69474507,0.100622,"outlier","outlier",69473907,69475107,"HiC_scaffold_5:69473907-69475107"
"HiC_scaffold_5",72283829,0.115521,"outlier","outlier",72283229,72284429,"HiC_scaffold_5:72283229-72284429"
"HiC_scaffold_5",78296734,0.101763,"outlier","outlier",78296134,78297334,"HiC_scaffold_5:78296134-78297334"
"HiC_scaffold_5",82160271,0.131783,"outlier","outlier",82159671,82160871,"HiC_scaffold_5:82159671-82160871"
"HiC_scaffold_5",96474801,0.162393,"outlier","outlier",96474201,96475401,"HiC_scaffold_5:96474201-96475401"
"HiC_scaffold_5",96504444,0.0920341,"outlier","outlier",96503844,96505044,"HiC_scaffold_5:96503844-96505044"
"HiC_scaffold_5",98014311,0.104973,"outlier","outlier",98013711,98014911,"HiC_scaffold_5:98013711-98014911"
"HiC_scaffold_5",99467339,0.125962,"outlier","outlier",99466739,99467939,"HiC_scaffold_5:99466739-99467939"
"HiC_scaffold_5",99950539,0.0939003,"outlier","outlier",99949939,99951139,"HiC_scaffold_5:99949939-99951139"
"HiC_scaffold_5",100821304,0.107807,"outlier","outlier",100820704,100821904,"HiC_scaffold_5:100820704-100821904"
"HiC_scaffold_5",102401752,0.0943994,"outlier","outlier",102401152,102402352,"HiC_scaffold_5:102401152-102402352"
"HiC_scaffold_5",102890058,0.119115,"outlier","outlier",102889458,102890658,"HiC_scaffold_5:102889458-102890658"
"HiC_scaffold_5",103253076,0.0970091,"outlier","outlier",103252476,103253676,"HiC_scaffold_5:103252476-103253676"
"HiC_scaffold_5",104461681,0.0958071,"outlier","outlier",104461081,104462281,"HiC_scaffold_5:104461081-104462281"
"HiC_scaffold_6",1081251,0.111808,"outlier","outlier",1080651,1081851,"HiC_scaffold_6:1080651-1081851"
"HiC_scaffold_6",8078553,0.143167,"outlier","outlier",8077953,8079153,"HiC_scaffold_6:8077953-8079153"
"HiC_scaffold_6",10235607,0.093926,"outlier","outlier",10235007,10236207,"HiC_scaffold_6:10235007-10236207"
"HiC_scaffold_6",15470047,0.129455,"outlier","outlier",15469447,15470647,"HiC_scaffold_6:15469447-15470647"
"HiC_scaffold_6",16380313,0.110075,"outlier","outlier",16379713,16380913,"HiC_scaffold_6:16379713-16380913"
"HiC_scaffold_6",20458446,0.118207,"outlier","outlier",20457846,20459046,"HiC_scaffold_6:20457846-20459046"
"HiC_scaffold_6",20877371,0.103848,"outlier","outlier",20876771,20877971,"HiC_scaffold_6:20876771-20877971"
"HiC_scaffold_6",23669142,0.121231,"outlier","outlier",23668542,23669742,"HiC_scaffold_6:23668542-23669742"
"HiC_scaffold_6",32873363,0.097394,"outlier","outlier",32872763,32873963,"HiC_scaffold_6:32872763-32873963"
"HiC_scaffold_6",33282735,0.0954089,"outlier","outlier",33282135,33283335,"HiC_scaffold_6:33282135-33283335"
"HiC_scaffold_6",37469439,0.15337,"outlier","outlier",37468839,37470039,"HiC_scaffold_6:37468839-37470039"
"HiC_scaffold_6",38998387,0.126726,"outlier","outlier",38997787,38998987,"HiC_scaffold_6:38997787-38998987"
"HiC_scaffold_6",51001463,0.093926,"outlier","outlier",51000863,51002063,"HiC_scaffold_6:51000863-51002063"
"HiC_scaffold_6",55903737,0.129455,"outlier","outlier",55903137,55904337,"HiC_scaffold_6:55903137-55904337"
"HiC_scaffold_6",65574841,0.10701,"outlier","outlier",65574241,65575441,"HiC_scaffold_6:65574241-65575441"
"HiC_scaffold_6",76374027,0.112085,"outlier","outlier",76373427,76374627,"HiC_scaffold_6:76373427-76374627"
"HiC_scaffold_6",87723407,0.182403,"outlier","outlier",87722807,87724007,"HiC_scaffold_6:87722807-87724007"
"HiC_scaffold_6",92542179,0.0950579,"outlier","outlier",92541579,92542779,"HiC_scaffold_6:92541579-92542779"
"HiC_scaffold_6",92816468,0.103708,"outlier","outlier",92815868,92817068,"HiC_scaffold_6:92815868-92817068"
"HiC_scaffold_6",101653897,0.0997067,"outlier","outlier",101653297,101654497,"HiC_scaffold_6:101653297-101654497"
"HiC_scaffold_6",102599028,0.0982238,"outlier","outlier",102598428,102599628,"HiC_scaffold_6:102598428-102599628"
"HiC_scaffold_6",105319380,0.0980803,"outlier","outlier",105318780,105319980,"HiC_scaffold_6:105318780-105319980"
"HiC_scaffold_6",109315203,0.0968139,"outlier","outlier",109314603,109315803,"HiC_scaffold_6:109314603-109315803"
"HiC_scaffold_6",110995469,0.093704,"outlier","outlier",110994869,110996069,"HiC_scaffold_6:110994869-110996069"
"HiC_scaffold_6",116275157,0.123497,"outlier","outlier",116274557,116275757,"HiC_scaffold_6:116274557-116275757"
"HiC_scaffold_6",120093346,0.0994469,"outlier","outlier",120092746,120093946,"HiC_scaffold_6:120092746-120093946"
"HiC_scaffold_6",120971384,0.0922622,"outlier","outlier",120970784,120971984,"HiC_scaffold_6:120970784-120971984"
"HiC_scaffold_6",125833585,0.0921394,"outlier","outlier",125832985,125834185,"HiC_scaffold_6:125832985-125834185"
"HiC_scaffold_6",126784287,0.111302,"outlier","outlier",126783687,126784887,"HiC_scaffold_6:126783687-126784887"
"HiC_scaffold_6",128402748,0.103779,"outlier","outlier",128402148,128403348,"HiC_scaffold_6:128402148-128403348"
"HiC_scaffold_6",131056677,0.113643,"outlier","outlier",131056077,131057277,"HiC_scaffold_6:131056077-131057277"
"HiC_scaffold_6",131921564,0.093226,"outlier","outlier",131920964,131922164,"HiC_scaffold_6:131920964-131922164"
"HiC_scaffold_6",132139322,0.102484,"outlier","outlier",132138722,132139922,"HiC_scaffold_6:132138722-132139922"
"HiC_scaffold_7",10351187,0.0951128,"outlier","outlier",10350587,10351787,"HiC_scaffold_7:10350587-10351787"
"HiC_scaffold_7",17934893,0.0934414,"outlier","outlier",17934293,17935493,"HiC_scaffold_7:17934293-17935493"
"HiC_scaffold_7",20227587,0.118624,"outlier","outlier",20226987,20228187,"HiC_scaffold_7:20226987-20228187"
"HiC_scaffold_7",21105699,0.152349,"outlier","outlier",21105099,21106299,"HiC_scaffold_7:21105099-21106299"
"HiC_scaffold_7",25518368,0.0958397,"outlier","outlier",25517768,25518968,"HiC_scaffold_7:25517768-25518968"
"HiC_scaffold_7",36986109,0.10938,"outlier","outlier",36985509,36986709,"HiC_scaffold_7:36985509-36986709"
"HiC_scaffold_7",44690151,0.104785,"outlier","outlier",44689551,44690751,"HiC_scaffold_7:44689551-44690751"
"HiC_scaffold_7",59593205,0.125179,"outlier","outlier",59592605,59593805,"HiC_scaffold_7:59592605-59593805"
"HiC_scaffold_7",67860879,0.102442,"outlier","outlier",67860279,67861479,"HiC_scaffold_7:67860279-67861479"
"HiC_scaffold_7",83704416,0.0910178,"outlier","outlier",83703816,83705016,"HiC_scaffold_7:83703816-83705016"
"HiC_scaffold_7",84936949,0.136525,"outlier","outlier",84936349,84937549,"HiC_scaffold_7:84936349-84937549"
"HiC_scaffold_7",85589412,0.128822,"outlier","outlier",85588812,85590012,"HiC_scaffold_7:85588812-85590012"
"HiC_scaffold_8",1361526,0.104785,"outlier","outlier",1360926,1362126,"HiC_scaffold_8:1360926-1362126"
"HiC_scaffold_8",1839350,0.112023,"outlier","outlier",1838750,1839950,"HiC_scaffold_8:1838750-1839950"
"HiC_scaffold_8",3015319,0.0912793,"outlier","outlier",3014719,3015919,"HiC_scaffold_8:3014719-3015919"
"HiC_scaffold_8",4797132,0.11846,"outlier","outlier",4796532,4797732,"HiC_scaffold_8:4796532-4797732"
"HiC_scaffold_8",6673575,0.0905508,"outlier","outlier",6672975,6674175,"HiC_scaffold_8:6672975-6674175"
"HiC_scaffold_8",7672524,0.0964473,"outlier","outlier",7671924,7673124,"HiC_scaffold_8:7671924-7673124"
"HiC_scaffold_8",9937913,0.125179,"outlier","outlier",9937313,9938513,"HiC_scaffold_8:9937313-9938513"
"HiC_scaffold_8",11476781,0.106985,"outlier","outlier",11476181,11477381,"HiC_scaffold_8:11476181-11477381"
"HiC_scaffold_8",12605791,0.107191,"outlier","outlier",12605191,12606391,"HiC_scaffold_8:12605191-12606391"
"HiC_scaffold_8",12658798,0.140505,"outlier","outlier",12658198,12659398,"HiC_scaffold_8:12658198-12659398"
"HiC_scaffold_8",18258688,0.123069,"outlier","outlier",18258088,18259288,"HiC_scaffold_8:18258088-18259288"
"HiC_scaffold_8",19669181,0.105809,"outlier","outlier",19668581,19669781,"HiC_scaffold_8:19668581-19669781"
"HiC_scaffold_8",22152773,0.0951128,"outlier","outlier",22152173,22153373,"HiC_scaffold_8:22152173-22153373"
"HiC_scaffold_8",24284347,0.103779,"outlier","outlier",24283747,24284947,"HiC_scaffold_8:24283747-24284947"
"HiC_scaffold_8",24935065,0.124066,"outlier","outlier",24934465,24935665,"HiC_scaffold_8:24934465-24935665"
"HiC_scaffold_8",27654295,0.107113,"outlier","outlier",27653695,27654895,"HiC_scaffold_8:27653695-27654895"
"HiC_scaffold_8",31553268,0.0961993,"outlier","outlier",31552668,31553868,"HiC_scaffold_8:31552668-31553868"
"HiC_scaffold_8",31756706,0.0937131,"outlier","outlier",31756106,31757306,"HiC_scaffold_8:31756106-31757306"
"HiC_scaffold_8",32790515,0.113857,"outlier","outlier",32789915,32791115,"HiC_scaffold_8:32789915-32791115"
"HiC_scaffold_8",36753951,0.0911527,"outlier","outlier",36753351,36754551,"HiC_scaffold_8:36753351-36754551"
"HiC_scaffold_8",38988429,0.105009,"outlier","outlier",38987829,38989029,"HiC_scaffold_8:38987829-38989029"
"HiC_scaffold_8",42125595,0.0940592,"outlier","outlier",42124995,42126195,"HiC_scaffold_8:42124995-42126195"
"HiC_scaffold_8",46499116,0.103678,"outlier","outlier",46498516,46499716,"HiC_scaffold_8:46498516-46499716"
"HiC_scaffold_8",49626082,0.101363,"outlier","outlier",49625482,49626682,"HiC_scaffold_8:49625482-49626682"
"HiC_scaffold_8",54590268,0.185471,"outlier","outlier",54589668,54590868,"HiC_scaffold_8:54589668-54590868"
"HiC_scaffold_8",56483736,0.0932304,"outlier","outlier",56483136,56484336,"HiC_scaffold_8:56483136-56484336"
"HiC_scaffold_9",8700677,0.114968,"outlier","outlier",8700077,8701277,"HiC_scaffold_9:8700077-8701277"
"HiC_scaffold_9",11391184,0.0948792,"outlier","outlier",11390584,11391784,"HiC_scaffold_9:11390584-11391784"
"HiC_scaffold_9",17023670,0.0964548,"outlier","outlier",17023070,17024270,"HiC_scaffold_9:17023070-17024270"
"HiC_scaffold_9",19224689,0.103208,"outlier","outlier",19224089,19225289,"HiC_scaffold_9:19224089-19225289"
"HiC_scaffold_9",22457396,0.132321,"outlier","outlier",22456796,22457996,"HiC_scaffold_9:22456796-22457996"
"HiC_scaffold_9",32967869,0.093704,"outlier","outlier",32967269,32968469,"HiC_scaffold_9:32967269-32968469"
"HiC_scaffold_9",34939190,0.126311,"outlier","outlier",34938590,34939790,"HiC_scaffold_9:34938590-34939790"
"HiC_scaffold_9",35172280,0.0942265,"outlier","outlier",35171680,35172880,"HiC_scaffold_9:35171680-35172880"
"HiC_scaffold_9",40635761,0.118983,"outlier","outlier",40635161,40636361,"HiC_scaffold_9:40635161-40636361"
"HiC_scaffold_9",45195320,0.10701,"outlier","outlier",45194720,45195920,"HiC_scaffold_9:45194720-45195920"
"HiC_scaffold_9",46185465,0.0909562,"outlier","outlier",46184865,46186065,"HiC_scaffold_9:46184865-46186065"
"HiC_scaffold_9",55288089,0.100085,"outlier","outlier",55287489,55288689,"HiC_scaffold_9:55287489-55288689"
"HiC_scaffold_9",55804128,0.108804,"outlier","outlier",55803528,55804728,"HiC_scaffold_9:55803528-55804728"
"HiC_scaffold_9",58458965,0.0954512,"outlier","outlier",58458365,58459565,"HiC_scaffold_9:58458365-58459565"
"HiC_scaffold_9",58810454,0.102442,"outlier","outlier",58809854,58811054,"HiC_scaffold_9:58809854-58811054"
"HiC_scaffold_9",61603632,0.104019,"outlier","outlier",61603032,61604232,"HiC_scaffold_9:61603032-61604232"
"HiC_scaffold_9",63352440,0.112454,"outlier","outlier",63351840,63353040,"HiC_scaffold_9:63351840-63353040"
"HiC_scaffold_9",63363369,0.131624,"outlier","outlier",63362769,63363969,"HiC_scaffold_9:63362769-63363969"
"HiC_scaffold_9",69933227,0.118698,"outlier","outlier",69932627,69933827,"HiC_scaffold_9:69932627-69933827"
"HiC_scaffold_9",71377512,0.105896,"outlier","outlier",71376912,71378112,"HiC_scaffold_9:71376912-71378112"
"HiC_scaffold_9",73889405,0.142305,"outlier","outlier",73888805,73890005,"HiC_scaffold_9:73888805-73890005"
"HiC_scaffold_9",74433308,0.0907085,"outlier","outlier",74432708,74433908,"HiC_scaffold_9:74432708-74433908"
"HiC_scaffold_9",85260574,0.0922622,"outlier","outlier",85259974,85261174,"HiC_scaffold_9:85259974-85261174"
"HiC_scaffold_9",86333816,0.127991,"outlier","outlier",86333216,86334416,"HiC_scaffold_9:86333216-86334416"
"HiC_scaffold_9",88141761,0.0980803,"outlier","outlier",88141161,88142361,"HiC_scaffold_9:88141161-88142361"
"HiC_scaffold_10",1001525,0.0944177,"outlier","outlier",1000925,1002125,"HiC_scaffold_10:1000925-1002125"
"HiC_scaffold_10",2536120,0.112854,"outlier","outlier",2535520,2536720,"HiC_scaffold_10:2535520-2536720"
"HiC_scaffold_10",3560587,0.101055,"outlier","outlier",3559987,3561187,"HiC_scaffold_10:3559987-3561187"
"HiC_scaffold_10",7118734,0.119115,"outlier","outlier",7118134,7119334,"HiC_scaffold_10:7118134-7119334"
"HiC_scaffold_10",7382994,0.0953894,"outlier","outlier",7382394,7383594,"HiC_scaffold_10:7382394-7383594"
"HiC_scaffold_10",10037896,0.114132,"outlier","outlier",10037296,10038496,"HiC_scaffold_10:10037296-10038496"
"HiC_scaffold_10",12802082,0.111832,"outlier","outlier",12801482,12802682,"HiC_scaffold_10:12801482-12802682"
"HiC_scaffold_10",25009731,0.0961825,"outlier","outlier",25009131,25010331,"HiC_scaffold_10:25009131-25010331"
"HiC_scaffold_10",36850850,0.0921394,"outlier","outlier",36850250,36851450,"HiC_scaffold_10:36850250-36851450"
"HiC_scaffold_10",38331616,0.0921618,"outlier","outlier",38331016,38332216,"HiC_scaffold_10:38331016-38332216"
"HiC_scaffold_10",38512051,0.131051,"outlier","outlier",38511451,38512651,"HiC_scaffold_10:38511451-38512651"
"HiC_scaffold_10",46985646,0.093432,"outlier","outlier",46985046,46986246,"HiC_scaffold_10:46985046-46986246"
"HiC_scaffold_10",67429702,0.0939322,"outlier","outlier",67429102,67430302,"HiC_scaffold_10:67429102-67430302"
"HiC_scaffold_10",68998474,0.117239,"outlier","outlier",68997874,68999074,"HiC_scaffold_10:68997874-68999074"
"HiC_scaffold_10",69250141,0.111701,"outlier","outlier",69249541,69250741,"HiC_scaffold_10:69249541-69250741"
"HiC_scaffold_10",69826993,0.0970091,"outlier","outlier",69826393,69827593,"HiC_scaffold_10:69826393-69827593"
"HiC_scaffold_10",70448646,0.0927592,"outlier","outlier",70448046,70449246,"HiC_scaffold_10:70448046-70449246"
"HiC_scaffold_10",76110958,0.0975029,"outlier","outlier",76110358,76111558,"HiC_scaffold_10:76110358-76111558"
"HiC_scaffold_10",91622519,0.106496,"outlier","outlier",91621919,91623119,"HiC_scaffold_10:91621919-91623119"
"HiC_scaffold_10",93810376,0.118054,"outlier","outlier",93809776,93810976,"HiC_scaffold_10:93809776-93810976"
"HiC_scaffold_10",94493904,0.0923786,"outlier","outlier",94493304,94494504,"HiC_scaffold_10:94493304-94494504"
"HiC_scaffold_10",95057367,0.112599,"outlier","outlier",95056767,95057967,"HiC_scaffold_10:95056767-95057967"
"HiC_scaffold_10",95372105,0.0948548,"outlier","outlier",95371505,95372705,"HiC_scaffold_10:95371505-95372705"
"HiC_scaffold_10",96686048,0.113485,"outlier","outlier",96685448,96686648,"HiC_scaffold_10:96685448-96686648"
"HiC_scaffold_10",97218411,0.126945,"outlier","outlier",97217811,97219011,"HiC_scaffold_10:97217811-97219011"
"HiC_scaffold_10",97268842,0.0921766,"outlier","outlier",97268242,97269442,"HiC_scaffold_10:97268242-97269442"
"HiC_scaffold_10",105323905,0.104464,"outlier","outlier",105323305,105324505,"HiC_scaffold_10:105323305-105324505"
"HiC_scaffold_10",106978175,0.102031,"outlier","outlier",106977575,106978775,"HiC_scaffold_10:106977575-106978775"
"HiC_scaffold_10",107164354,0.115987,"outlier","outlier",107163754,107164954,"HiC_scaffold_10:107163754-107164954"
"HiC_scaffold_10",107191872,0.106645,"outlier","outlier",107191272,107192472,"HiC_scaffold_10:107191272-107192472"
"HiC_scaffold_10",107660159,0.120107,"outlier","outlier",107659559,107660759,"HiC_scaffold_10:107659559-107660759"
"HiC_scaffold_11",504997,0.093432,"outlier","outlier",504397,505597,"HiC_scaffold_11:504397-505597"
"HiC_scaffold_11",1961368,0.125179,"outlier","outlier",1960768,1961968,"HiC_scaffold_11:1960768-1961968"
"HiC_scaffold_11",2635463,0.136821,"outlier","outlier",2634863,2636063,"HiC_scaffold_11:2634863-2636063"
"HiC_scaffold_11",3626231,0.0934207,"outlier","outlier",3625631,3626831,"HiC_scaffold_11:3625631-3626831"
"HiC_scaffold_11",3948981,0.1102,"outlier","outlier",3948381,3949581,"HiC_scaffold_11:3948381-3949581"
"HiC_scaffold_11",11415909,0.127056,"outlier","outlier",11415309,11416509,"HiC_scaffold_11:11415309-11416509"
"HiC_scaffold_11",14422737,0.115116,"outlier","outlier",14422137,14423337,"HiC_scaffold_11:14422137-14423337"
"HiC_scaffold_11",15335749,0.110476,"outlier","outlier",15335149,15336349,"HiC_scaffold_11:15335149-15336349"
"HiC_scaffold_11",24305535,0.11134,"outlier","outlier",24304935,24306135,"HiC_scaffold_11:24304935-24306135"
"HiC_scaffold_11",35487769,0.128726,"outlier","outlier",35487169,35488369,"HiC_scaffold_11:35487169-35488369"
"HiC_scaffold_11",35636594,0.112244,"outlier","outlier",35635994,35637194,"HiC_scaffold_11:35635994-35637194"
"HiC_scaffold_11",36800157,0.11156,"outlier","outlier",36799557,36800757,"HiC_scaffold_11:36799557-36800757"
"HiC_scaffold_11",38960924,0.0916793,"outlier","outlier",38960324,38961524,"HiC_scaffold_11:38960324-38961524"
"HiC_scaffold_11",45345890,0.0927442,"outlier","outlier",45345290,45346490,"HiC_scaffold_11:45345290-45346490"
"HiC_scaffold_11",46915781,0.097316,"outlier","outlier",46915181,46916381,"HiC_scaffold_11:46915181-46916381"
"HiC_scaffold_11",52608916,0.107783,"outlier","outlier",52608316,52609516,"HiC_scaffold_11:52608316-52609516"
"HiC_scaffold_11",54650364,0.0950579,"outlier","outlier",54649764,54650964,"HiC_scaffold_11:54649764-54650964"
"HiC_scaffold_11",55135113,0.101798,"outlier","outlier",55134513,55135713,"HiC_scaffold_11:55134513-55135713"
"HiC_scaffold_11",57342181,0.094858,"outlier","outlier",57341581,57342781,"HiC_scaffold_11:57341581-57342781"
"HiC_scaffold_11",73392757,0.0941532,"outlier","outlier",73392157,73393357,"HiC_scaffold_11:73392157-73393357"
"HiC_scaffold_11",79985478,0.108804,"outlier","outlier",79984878,79986078,"HiC_scaffold_11:79984878-79986078"
"HiC_scaffold_11",91676928,0.0985556,"outlier","outlier",91676328,91677528,"HiC_scaffold_11:91676328-91677528"
"HiC_scaffold_11",94511966,0.097394,"outlier","outlier",94511366,94512566,"HiC_scaffold_11:94511366-94512566"
"HiC_scaffold_11",95113104,0.127491,"outlier","outlier",95112504,95113704,"HiC_scaffold_11:95112504-95113704"
"HiC_scaffold_11",95387719,0.0909454,"outlier","outlier",95387119,95388319,"HiC_scaffold_11:95387119-95388319"
"HiC_scaffold_11",118251705,0.0904517,"outlier","outlier",118251105,118252305,"HiC_scaffold_11:118251105-118252305"
"HiC_scaffold_11",119327318,0.121482,"outlier","outlier",119326718,119327918,"HiC_scaffold_11:119326718-119327918"
"HiC_scaffold_11",123878213,0.100707,"outlier","outlier",123877613,123878813,"HiC_scaffold_11:123877613-123878813"
"HiC_scaffold_11",123882778,0.0926957,"outlier","outlier",123882178,123883378,"HiC_scaffold_11:123882178-123883378"
"HiC_scaffold_11",127708669,0.117129,"outlier","outlier",127708069,127709269,"HiC_scaffold_11:127708069-127709269"
"HiC_scaffold_11",127871305,0.136591,"outlier","outlier",127870705,127871905,"HiC_scaffold_11:127870705-127871905"
"HiC_scaffold_11",128259607,0.0922622,"outlier","outlier",128259007,128260207,"HiC_scaffold_11:128259007-128260207"
"HiC_scaffold_11",129926494,0.105282,"outlier","outlier",129925894,129927094,"HiC_scaffold_11:129925894-129927094"
"HiC_scaffold_11",134924766,0.142575,"outlier","outlier",134924166,134925366,"HiC_scaffold_11:134924166-134925366"
"HiC_scaffold_11",137079986,0.0942265,"outlier","outlier",137079386,137080586,"HiC_scaffold_11:137079386-137080586"
"HiC_scaffold_11",140948827,0.0987415,"outlier","outlier",140948227,140949427,"HiC_scaffold_11:140948227-140949427"
"HiC_scaffold_12",48061,0.0927627,"outlier","outlier",47461,48661,"HiC_scaffold_12:47461-48661"
"HiC_scaffold_12",4706613,0.0932304,"outlier","outlier",4706013,4707213,"HiC_scaffold_12:4706013-4707213"
"HiC_scaffold_12",4907112,0.102048,"outlier","outlier",4906512,4907712,"HiC_scaffold_12:4906512-4907712"
"HiC_scaffold_12",7549303,0.102442,"outlier","outlier",7548703,7549903,"HiC_scaffold_12:7548703-7549903"
"HiC_scaffold_12",11111057,0.0985556,"outlier","outlier",11110457,11111657,"HiC_scaffold_12:11110457-11111657"
"HiC_scaffold_12",11746032,0.100157,"outlier","outlier",11745432,11746632,"HiC_scaffold_12:11745432-11746632"
"HiC_scaffold_12",15237299,0.178095,"outlier","outlier",15236699,15237899,"HiC_scaffold_12:15236699-15237899"
"HiC_scaffold_12",19032626,0.0968772,"outlier","outlier",19032026,19033226,"HiC_scaffold_12:19032026-19033226"
"HiC_scaffold_12",22461465,0.109285,"outlier","outlier",22460865,22462065,"HiC_scaffold_12:22460865-22462065"
"HiC_scaffold_12",27975600,0.11388,"outlier","outlier",27975000,27976200,"HiC_scaffold_12:27975000-27976200"
"HiC_scaffold_12",40571797,0.10938,"outlier","outlier",40571197,40572397,"HiC_scaffold_12:40571197-40572397"
"HiC_scaffold_12",41453500,0.0922635,"outlier","outlier",41452900,41454100,"HiC_scaffold_12:41452900-41454100"
"HiC_scaffold_12",45480176,0.184311,"outlier","outlier",45479576,45480776,"HiC_scaffold_12:45479576-45480776"
"HiC_scaffold_12",55402425,0.180895,"outlier","outlier",55401825,55403025,"HiC_scaffold_12:55401825-55403025"
"HiC_scaffold_12",74495470,0.107783,"outlier","outlier",74494870,74496070,"HiC_scaffold_12:74494870-74496070"
"HiC_scaffold_12",86596672,0.132778,"outlier","outlier",86596072,86597272,"HiC_scaffold_12:86596072-86597272"
"HiC_scaffold_12",96843234,0.0949845,"outlier","outlier",96842634,96843834,"HiC_scaffold_12:96842634-96843834"
"HiC_scaffold_12",99592072,0.132124,"outlier","outlier",99591472,99592672,"HiC_scaffold_12:99591472-99592672"
"HiC_scaffold_12",101723946,0.103727,"outlier","outlier",101723346,101724546,"HiC_scaffold_12:101723346-101724546"
"HiC_scaffold_12",101840997,0.0952077,"outlier","outlier",101840397,101841597,"HiC_scaffold_12:101840397-101841597"
"HiC_scaffold_12",106694307,0.100302,"outlier","outlier",106693707,106694907,"HiC_scaffold_12:106693707-106694907"
"HiC_scaffold_12",106876044,0.0923682,"outlier","outlier",106875444,106876644,"HiC_scaffold_12:106875444-106876644"
"HiC_scaffold_12",114271237,0.0917377,"outlier","outlier",114270637,114271837,"HiC_scaffold_12:114270637-114271837"
"HiC_scaffold_12",117872869,0.105344,"outlier","outlier",117872269,117873469,"HiC_scaffold_12:117872269-117873469"
"HiC_scaffold_12",119135903,0.126145,"outlier","outlier",119135303,119136503,"HiC_scaffold_12:119135303-119136503"
"HiC_scaffold_12",119566030,0.0983679,"outlier","outlier",119565430,119566630,"HiC_scaffold_12:119565430-119566630"
"HiC_scaffold_12",119815156,0.101348,"outlier","outlier",119814556,119815756,"HiC_scaffold_12:119814556-119815756"
"HiC_scaffold_12",131653890,0.102792,"outlier","outlier",131653290,131654490,"HiC_scaffold_12:131653290-131654490"
"HiC_scaffold_12",140499703,0.0985556,"outlier","outlier",140499103,140500303,"HiC_scaffold_12:140499103-140500303"
"HiC_scaffold_12",141449194,0.109128,"outlier","outlier",141448594,141449794,"HiC_scaffold_12:141448594-141449794"
"HiC_scaffold_12",145169094,0.111457,"outlier","outlier",145168494,145169694,"HiC_scaffold_12:145168494-145169694"
"HiC_scaffold_12",145182736,0.107299,"outlier","outlier",145182136,145183336,"HiC_scaffold_12:145182136-145183336"
"HiC_scaffold_12",145912685,0.100877,"outlier","outlier",145912085,145913285,"HiC_scaffold_12:145912085-145913285"
"HiC_scaffold_12",151849861,0.112467,"outlier","outlier",151849261,151850461,"HiC_scaffold_12:151849261-151850461"
"HiC_scaffold_12",154254405,0.104824,"outlier","outlier",154253805,154255005,"HiC_scaffold_12:154253805-154255005"
"HiC_scaffold_12",156905890,0.0946968,"outlier","outlier",156905290,156906490,"HiC_scaffold_12:156905290-156906490"
"HiC_scaffold_12",165855801,0.101396,"outlier","outlier",165855201,165856401,"HiC_scaffold_12:165855201-165856401"
"HiC_scaffold_12",172695378,0.119842,"outlier","outlier",172694778,172695978,"HiC_scaffold_12:172694778-172695978"
"HiC_scaffold_13",1043827,0.117729,"outlier","outlier",1043227,1044427,"HiC_scaffold_13:1043227-1044427"
"HiC_scaffold_13",1189621,0.131051,"outlier","outlier",1189021,1190221,"HiC_scaffold_13:1189021-1190221"
"HiC_scaffold_13",2491649,0.161958,"outlier","outlier",2491049,2492249,"HiC_scaffold_13:2491049-2492249"
"HiC_scaffold_13",4197423,0.0951128,"outlier","outlier",4196823,4198023,"HiC_scaffold_13:4196823-4198023"
"HiC_scaffold_13",11051270,0.17247,"outlier","outlier",11050670,11051870,"HiC_scaffold_13:11050670-11051870"
"HiC_scaffold_13",12628393,0.114905,"outlier","outlier",12627793,12628993,"HiC_scaffold_13:12627793-12628993"
"HiC_scaffold_13",20496174,0.107305,"outlier","outlier",20495574,20496774,"HiC_scaffold_13:20495574-20496774"
"HiC_scaffold_13",23576499,0.141034,"outlier","outlier",23575899,23577099,"HiC_scaffold_13:23575899-23577099"
"HiC_scaffold_13",23695662,0.107783,"outlier","outlier",23695062,23696262,"HiC_scaffold_13:23695062-23696262"
"HiC_scaffold_13",24690697,0.0911607,"outlier","outlier",24690097,24691297,"HiC_scaffold_13:24690097-24691297"
"HiC_scaffold_13",28274687,0.125407,"outlier","outlier",28274087,28275287,"HiC_scaffold_13:28274087-28275287"
"HiC_scaffold_13",36343270,0.119408,"outlier","outlier",36342670,36343870,"HiC_scaffold_13:36342670-36343870"
"HiC_scaffold_13",37319856,0.110246,"outlier","outlier",37319256,37320456,"HiC_scaffold_13:37319256-37320456"
"HiC_scaffold_13",37560393,0.11001,"outlier","outlier",37559793,37560993,"HiC_scaffold_13:37559793-37560993"
"HiC_scaffold_13",37969559,0.0993319,"outlier","outlier",37968959,37970159,"HiC_scaffold_13:37968959-37970159"
"HiC_scaffold_13",38355922,0.141556,"outlier","outlier",38355322,38356522,"HiC_scaffold_13:38355322-38356522"
"HiC_scaffold_13",41689665,0.105809,"outlier","outlier",41689065,41690265,"HiC_scaffold_13:41689065-41690265"
"HiC_scaffold_13",41737690,0.0934837,"outlier","outlier",41737090,41738290,"HiC_scaffold_13:41737090-41738290"
"HiC_scaffold_13",43409553,0.112631,"outlier","outlier",43408953,43410153,"HiC_scaffold_13:43408953-43410153"
"HiC_scaffold_13",43669049,0.102237,"outlier","outlier",43668449,43669649,"HiC_scaffold_13:43668449-43669649"
"HiC_scaffold_13",55589455,0.159699,"outlier","outlier",55588855,55590055,"HiC_scaffold_13:55588855-55590055"
"HiC_scaffold_13",56732174,0.100137,"outlier","outlier",56731574,56732774,"HiC_scaffold_13:56731574-56732774"
"HiC_scaffold_13",63854731,0.108804,"outlier","outlier",63854131,63855331,"HiC_scaffold_13:63854131-63855331"
"HiC_scaffold_13",72832596,0.104169,"outlier","outlier",72831996,72833196,"HiC_scaffold_13:72831996-72833196"
"HiC_scaffold_13",77217128,0.0910233,"outlier","outlier",77216528,77217728,"HiC_scaffold_13:77216528-77217728"
"HiC_scaffold_13",92580667,0.103779,"outlier","outlier",92580067,92581267,"HiC_scaffold_13:92580067-92581267"
"HiC_scaffold_13",99097838,0.0931707,"outlier","outlier",99097238,99098438,"HiC_scaffold_13:99097238-99098438"
"HiC_scaffold_13",99159771,0.0964028,"outlier","outlier",99159171,99160371,"HiC_scaffold_13:99159171-99160371"
"HiC_scaffold_13",101627459,0.105896,"outlier","outlier",101626859,101628059,"HiC_scaffold_13:101626859-101628059"
"HiC_scaffold_13",110438730,0.118304,"outlier","outlier",110438130,110439330,"HiC_scaffold_13:110438130-110439330"
"HiC_scaffold_13",115971067,0.101659,"outlier","outlier",115970467,115971667,"HiC_scaffold_13:115970467-115971667"
"HiC_scaffold_13",123206580,0.107783,"outlier","outlier",123205980,123207180,"HiC_scaffold_13:123205980-123207180"
"HiC_scaffold_13",140588089,0.104785,"outlier","outlier",140587489,140588689,"HiC_scaffold_13:140587489-140588689"
"HiC_scaffold_13",141469816,0.0907085,"outlier","outlier",141469216,141470416,"HiC_scaffold_13:141469216-141470416"
"HiC_scaffold_13",147086215,0.113564,"outlier","outlier",147085615,147086815,"HiC_scaffold_13:147085615-147086815"
"HiC_scaffold_13",152147754,0.104249,"outlier","outlier",152147154,152148354,"HiC_scaffold_13:152147154-152148354"
"HiC_scaffold_13",152323229,0.120447,"outlier","outlier",152322629,152323829,"HiC_scaffold_13:152322629-152323829"
"HiC_scaffold_14",8262072,0.0984374,"outlier","outlier",8261472,8262672,"HiC_scaffold_14:8261472-8262672"
"HiC_scaffold_14",15481757,0.113445,"outlier","outlier",15481157,15482357,"HiC_scaffold_14:15481157-15482357"
"HiC_scaffold_14",18952495,0.0909929,"outlier","outlier",18951895,18953095,"HiC_scaffold_14:18951895-18953095"
"HiC_scaffold_14",41009010,0.108163,"outlier","outlier",41008410,41009610,"HiC_scaffold_14:41008410-41009610"
"HiC_scaffold_14",41308746,0.103213,"outlier","outlier",41308146,41309346,"HiC_scaffold_14:41308146-41309346"
"HiC_scaffold_14",43952830,0.105896,"outlier","outlier",43952230,43953430,"HiC_scaffold_14:43952230-43953430"
"HiC_scaffold_14",45106546,0.10369,"outlier","outlier",45105946,45107146,"HiC_scaffold_14:45105946-45107146"
"HiC_scaffold_14",48464281,0.0939779,"outlier","outlier",48463681,48464881,"HiC_scaffold_14:48463681-48464881"
"HiC_scaffold_14",56594073,0.119905,"outlier","outlier",56593473,56594673,"HiC_scaffold_14:56593473-56594673"
"HiC_scaffold_14",61872955,0.0937123,"outlier","outlier",61872355,61873555,"HiC_scaffold_14:61872355-61873555"
"HiC_scaffold_14",62180111,0.120007,"outlier","outlier",62179511,62180711,"HiC_scaffold_14:62179511-62180711"
"HiC_scaffold_14",64096978,0.0942265,"outlier","outlier",64096378,64097578,"HiC_scaffold_14:64096378-64097578"
"HiC_scaffold_14",70145552,0.0937131,"outlier","outlier",70144952,70146152,"HiC_scaffold_14:70144952-70146152"
"HiC_scaffold_14",81722942,0.113522,"outlier","outlier",81722342,81723542,"HiC_scaffold_14:81722342-81723542"
"HiC_scaffold_14",97659135,0.0999422,"outlier","outlier",97658535,97659735,"HiC_scaffold_14:97658535-97659735"
"HiC_scaffold_14",100177079,0.103709,"outlier","outlier",100176479,100177679,"HiC_scaffold_14:100176479-100177679"
"HiC_scaffold_14",106777987,0.102161,"outlier","outlier",106777387,106778587,"HiC_scaffold_14:106777387-106778587"
"HiC_scaffold_14",109399504,0.176009,"outlier","outlier",109398904,109400104,"HiC_scaffold_14:109398904-109400104"
"HiC_scaffold_14",113091964,0.112503,"outlier","outlier",113091364,113092564,"HiC_scaffold_14:113091364-113092564"
"HiC_scaffold_14",117550202,0.15195,"outlier","outlier",117549602,117550802,"HiC_scaffold_14:117549602-117550802"
"HiC_scaffold_14",118433163,0.112988,"outlier","outlier",118432563,118433763,"HiC_scaffold_14:118432563-118433763"
"HiC_scaffold_14",120949909,0.129281,"outlier","outlier",120949309,120950509,"HiC_scaffold_14:120949309-120950509"
"HiC_scaffold_14",126311444,0.108804,"outlier","outlier",126310844,126312044,"HiC_scaffold_14:126310844-126312044"
"HiC_scaffold_14",133116332,0.110251,"outlier","outlier",133115732,133116932,"HiC_scaffold_14:133115732-133116932"
"HiC_scaffold_14",134176004,0.162393,"outlier","outlier",134175404,134176604,"HiC_scaffold_14:134175404-134176604"
"HiC_scaffold_14",140092073,0.103446,"outlier","outlier",140091473,140092673,"HiC_scaffold_14:140091473-140092673"
"HiC_scaffold_14",140358473,0.121188,"outlier","outlier",140357873,140359073,"HiC_scaffold_14:140357873-140359073"
"HiC_scaffold_16",1532529,0.103446,"outlier","outlier",1531929,1533129,"HiC_scaffold_16:1531929-1533129"
"HiC_scaffold_16",1669499,0.0958026,"outlier","outlier",1668899,1670099,"HiC_scaffold_16:1668899-1670099"
"HiC_scaffold_16",3598069,0.10236,"outlier","outlier",3597469,3598669,"HiC_scaffold_16:3597469-3598669"
"HiC_scaffold_16",3984601,0.0936875,"outlier","outlier",3984001,3985201,"HiC_scaffold_16:3984001-3985201"
"HiC_scaffold_16",6560536,0.108319,"outlier","outlier",6559936,6561136,"HiC_scaffold_16:6559936-6561136"
"HiC_scaffold_16",11560924,0.100302,"outlier","outlier",11560324,11561524,"HiC_scaffold_16:11560324-11561524"
"HiC_scaffold_16",12351164,0.100519,"outlier","outlier",12350564,12351764,"HiC_scaffold_16:12350564-12351764"
"HiC_scaffold_16",29280313,0.114905,"outlier","outlier",29279713,29280913,"HiC_scaffold_16:29279713-29280913"
"HiC_scaffold_16",29732260,0.0964548,"outlier","outlier",29731660,29732860,"HiC_scaffold_16:29731660-29732860"
"HiC_scaffold_16",44866492,0.0929919,"outlier","outlier",44865892,44867092,"HiC_scaffold_16:44865892-44867092"
"HiC_scaffold_16",47170235,0.117871,"outlier","outlier",47169635,47170835,"HiC_scaffold_16:47169635-47170835"
"HiC_scaffold_16",47493374,0.102049,"outlier","outlier",47492774,47493974,"HiC_scaffold_16:47492774-47493974"
"HiC_scaffold_16",48049693,0.10034,"outlier","outlier",48049093,48050293,"HiC_scaffold_16:48049093-48050293"
"HiC_scaffold_16",49164996,0.112054,"outlier","outlier",49164396,49165596,"HiC_scaffold_16:49164396-49165596"
"HiC_scaffold_16",60519501,0.104464,"outlier","outlier",60518901,60520101,"HiC_scaffold_16:60518901-60520101"
"HiC_scaffold_16",72709526,0.101763,"outlier","outlier",72708926,72710126,"HiC_scaffold_16:72708926-72710126"
"HiC_scaffold_16",88326297,0.111707,"outlier","outlier",88325697,88326897,"HiC_scaffold_16:88325697-88326897"
"HiC_scaffold_16",93344964,0.110158,"outlier","outlier",93344364,93345564,"HiC_scaffold_16:93344364-93345564"
"HiC_scaffold_16",104935438,0.0960056,"outlier","outlier",104934838,104936038,"HiC_scaffold_16:104934838-104936038"
"HiC_scaffold_16",105108566,0.102637,"outlier","outlier",105107966,105109166,"HiC_scaffold_16:105107966-105109166"
"HiC_scaffold_16",105224976,0.0954089,"outlier","outlier",105224376,105225576,"HiC_scaffold_16:105224376-105225576"
"HiC_scaffold_16",106040952,0.106296,"outlier","outlier",106040352,106041552,"HiC_scaffold_16:106040352-106041552"
"HiC_scaffold_16",113385358,0.107783,"outlier","outlier",113384758,113385958,"HiC_scaffold_16:113384758-113385958"
"HiC_scaffold_16",116448839,0.105917,"outlier","outlier",116448239,116449439,"HiC_scaffold_16:116448239-116449439"
"HiC_scaffold_16",117177483,0.0916028,"outlier","outlier",117176883,117178083,"HiC_scaffold_16:117176883-117178083"
"HiC_scaffold_16",124121311,0.100432,"outlier","outlier",124120711,124121911,"HiC_scaffold_16:124120711-124121911"
"HiC_scaffold_16",131491111,0.0960032,"outlier","outlier",131490511,131491711,"HiC_scaffold_16:131490511-131491711"
"HiC_scaffold_16",131768770,0.0960032,"outlier","outlier",131768170,131769370,"HiC_scaffold_16:131768170-131769370"
"HiC_scaffold_16",138049617,0.125388,"outlier","outlier",138049017,138050217,"HiC_scaffold_16:138049017-138050217"
"HiC_scaffold_16",147395578,0.104008,"outlier","outlier",147394978,147396178,"HiC_scaffold_16:147394978-147396178"
"HiC_scaffold_16",152587160,0.098324,"outlier","outlier",152586560,152587760,"HiC_scaffold_16:152586560-152587760"
"HiC_scaffold_16",183228432,0.129354,"outlier","outlier",183227832,183229032,"HiC_scaffold_16:183227832-183229032"
"HiC_scaffold_16",184603063,0.0977074,"outlier","outlier",184602463,184603663,"HiC_scaffold_16:184602463-184603663"
"HiC_scaffold_16",186906503,0.160973,"outlier","outlier",186905903,186907103,"HiC_scaffold_16:186905903-186907103"
"HiC_scaffold_16",186924529,0.116678,"outlier","outlier",186923929,186925129,"HiC_scaffold_16:186923929-186925129"
"HiC_scaffold_16",188948629,0.109671,"outlier","outlier",188948029,188949229,"HiC_scaffold_16:188948029-188949229"
"HiC_scaffold_16",189105634,0.100226,"outlier","outlier",189105034,189106234,"HiC_scaffold_16:189105034-189106234"
"HiC_scaffold_16",189858320,0.0954972,"outlier","outlier",189857720,189858920,"HiC_scaffold_16:189857720-189858920"
"HiC_scaffold_16",191094115,0.13411,"outlier","outlier",191093515,191094715,"HiC_scaffold_16:191093515-191094715"
"HiC_scaffold_16",197179451,0.0993888,"outlier","outlier",197178851,197180051,"HiC_scaffold_16:197178851-197180051"
